initialTime,duration,power,taskPriority,executionPriority,Execute
37.454011884736246,2.666196359547577,1.523411367471812,0.672702994208898,0.5719958782835928,0
95.07143064099162,5.877108526405223,1.4939575981439996,0.7966813971913723,0.8054323292999863,1
73.1993941811405,8.856512522887675,2.8125091610420734,0.250467898792499,0.760160929790159,0
59.86584841970366,7.590023977686051,1.4990923996990122,0.6248740996069989,0.15389990469377368,0
15.601864044243651,8.259050330753048,1.543899452257262,0.5717459831437487,0.1492494697414739,0
15.599452033620265,6.929050300396456,2.5187965248359276,0.8328303767882711,0.2681743677449133,0
5.8083612168199465,7.230489080660672,1.89947968490108,0.9060870604812605,0.3610747263410372,0
86.61761457749351,8.642760864087872,2.553421113910362,0.012156771477386807,0.4084555814084826,0
60.11150117432088,3.2470120797326736,1.1307323151287705,0.6740199190587927,0.6796972168333453,1
70.80725777960456,5.404824672788264,1.9751423873467686,0.05183579911972902,0.056680432165835404,0
2.0584494295802447,2.99088497637642,1.0672272003665653,0.5488586650773559,0.034672704226066386,0
96.99098521619943,9.889012071969823,1.125306406910709,0.2876327290436782,0.391910562943909,0
83.24426408004217,9.49653405717952,2.8128749066888217,0.3067765995221412,0.6971636921379805,0
21.233911067827616,1.354841302316553,1.2784907422351903,0.3529585034523566,0.19343534295648257,0
18.182496720710063,7.350176552641196,2.064841364550434,0.6212924490496101,0.6415044812562517,0
18.34045098534338,9.327234856740992,1.822191205201413,0.3340499656687692,0.25982813794029946,0
30.42422429595377,2.6251781061460018,1.6946866525176854,0.7326990505902804,0.8860861088135163,1
52.475643163223786,6.111507074973665,2.799666691374545,0.4045273855738697,0.8956899442666165,0
43.194501864211574,9.239394678292376,1.043646793550979,0.06835320030995862,0.2972872042813265,0
29.122914019804192,1.3055138072721895,2.3275793723511784,0.7837598424841072,0.2299937539632405,0
61.18528947223795,7.276782405221559,2.926788868427101,0.285758324592706,0.41130397206623126,0
13.949386065204184,3.676141066352957,2.120336366923684,0.43276687959926263,0.24053158518014872,0
29.214464853521815,9.319565758388773,2.8736449240661837,0.6854438832219015,0.6723838432917036,0
36.63618432936917,9.73952420648831,1.1045157585720475,0.332456157148712,0.8260646845482855,1
45.606998421703594,9.498398402020905,1.8375866381483228,0.056585656146715624,0.673092130911217,0
78.51759613930136,5.267927949917174,1.5203155819241023,0.3739210470128136,0.8243504472493495,0
19.967378215835975,8.758383858903821,2.4616419299614596,0.9444485826943034,0.39699216220747413,0
51.42344384136116,8.600944586815633,2.9625941809944933,0.6417343972985582,0.15631697070886086,0
59.24145688620425,3.871904259189301,1.5130601248884956,0.6714791486672069,0.7379509473975921,1
4.645041271999773,8.460239267356096,2.3083492029481487,0.6322821536376398,0.3604745051415539,0
60.75448519014384,1.3330687124394336,1.3961952655194803,0.1989921389594368,0.6712708252291325,0
17.052412368729154,6.366428906338477,2.13066050914322,0.41833386410228013,0.27064394198176567,0
6.505159298527952,3.0700795355893273,1.9278649733766724,0.7509397983633183,0.08122963480667267,0
94.88855372533332,2.0851019719955093,2.944010659263074,0.10137289755315915,0.9925817954877634,0
96.56320330745594,1.6925788146628824,2.217054545392933,0.27785277608971226,0.15620150793059928,0
80.83973481164611,7.266598982903258,1.6990127441736376,0.2763191084658536,0.988420993963481,0
30.46137691733707,4.058874673912595,1.2281915697758667,0.432018927594506,0.9772799325664473,1
9.767211400638388,7.522900943758853,1.3024936574698691,0.9803687409421851,0.7938181039080396,1
68.42330265121569,1.5882070671904813,1.4506338599024702,0.06750254668382194,0.6594229620819976,0
44.01524937396013,3.837613040475493,1.501933322680596,0.518700994380595,0.5778070502510847,0
12.203823484477883,5.855421631378035,2.7012321156822754,0.17936468201221045,0.8661015453778347,0
49.51769101112702,8.116508483550671,2.12244557656505,0.9706765454097441,0.28943952161948794,0
3.4388521115218396,3.8687725263886295,2.046781822748733,0.1133035047274642,0.46768121248487704,0
90.9320402078782,6.633022387933082,1.229537743738435,0.40360100236159124,0.6193899693665019,0
25.87799816000169,8.973799734125684,2.72027938669887,0.7378849848346062,0.4111904758694911,0
66.2522284353982,6.542768693640741,2.4456286064169674,0.7045544280274453,0.427486454090268,0
31.171107608941096,3.096635272782704,1.1353367238000032,0.42272863689393225,0.3302846675020844,0
52.00680211778108,1.2196070340088423,2.4156701944595373,0.34652416795271823,0.564231816684536,0
54.67102793432797,8.830889865108368,2.087076434685292,0.39761237855287057,0.850574528015116,0
18.485445552552704,1.1914246976534844,1.1634506914935565,0.2642762631586393,0.20152837800631285,0
96.95846277645586,8.872315054157795,1.916601283057313,0.2053329387067998,0.9344330387534414,0
77.51328233611146,5.760434206244907,1.969392574260094,0.48303969755889,0.6890876537482297,0
93.9498941564189,9.451609286616065,1.3315490803265515,0.2685337560676073,0.8232732126800302,0
89.48273504276489,8.189049121962988,2.8913962940005646,0.2874616648972501,0.5561906926300116,0
59.78999788110851,9.981406994800038,2.699950742961324,0.6567560634745571,0.7795167014240635,0
92.18742350231169,4.156406339065391,2.3380446746582164,0.9685373316998922,0.01620039733946721,0
8.84925020519195,7.904694600380142,1.9245911220012144,0.6036372005593751,0.8183804247795352,0
19.59828624191452,4.617378222483179,1.823531083169017,0.07697946706496628,0.04013885908536652,0
4.522728891053807,5.318880582735179,2.3019469343019083,0.07558361385406698,0.8899133763628625,0
32.53303307632643,6.64754916896533,2.0908637388138107,0.951423220845566,0.9919627472386433,1
38.8677289689482,8.863094027677048,1.1245462117637712,0.29729079030733363,0.2940674621767778,0
27.134903177389592,9.856751222793656,2.0250052975406634,0.09206698608247543,0.21031855628579366,0
82.87375091519293,7.914460724780664,2.612807234465679,0.5990445871503816,0.7653633638580407,0
35.67533266935893,4.759901039506004,1.9184797551939161,0.6236487782902661,0.2530263409202532,0
28.093450968738075,4.792213020493632,1.1039131551085368,0.6485048201186882,0.8655623831722035,1
54.26960831582485,7.638240714300023,2.572556398768066,0.2674020278575413,0.10284259215747671,0
14.092422497476264,3.148994311914721,1.4027275642719488,0.015110684214475034,0.12595519637935826,0
80.21969807540397,1.994267018182552,1.5172416697760776,0.9650153694544719,0.9791515551006156,1
7.455064367977082,4.191599418766989,1.3294127068645918,0.2508930456911025,0.6738388982700046,0
98.68869366005173,3.5851509248867357,1.660430129742995,0.6760262880525475,0.8468872244289528,1
77.22447692966574,3.6667730841039106,2.51350301137727,0.7066298698787096,0.324329377351518,0
19.87156815341724,3.1024697594491895,2.0387717190078747,0.6100074170794857,0.6764837495206044,0
0.5522117123602399,1.378838706727257,1.4097625483014251,0.3129073942136482,0.5942418273085972,0
81.54614284548342,1.1608654126007243,2.7556601563040815,0.27109625376406576,0.603150120122947,0
70.68573438476172,9.889501507624283,2.759163709903058,0.5976682827027031,0.6825324595377216,0
72.90071680409874,4.849958203622761,2.741156850092014,0.8660956336116915,0.5753591731290986,0
77.12703466859458,4.4589398244371345,1.4775924227630786,0.9467337289233956,0.42906236930266595,1
7.4044651734090365,7.116825544237629,1.9024786883619762,0.10590580440375763,0.27592269438054684,0
35.84657285442726,2.9642849907855773,2.96997931228175,0.15482861259771985,0.768581330913202,0
11.586905952512971,9.549650655552028,2.5440249526199805,0.9447362587830797,0.2262724300031862,0
86.31034258755935,8.07710512973997,1.0543348424511196,0.7365352283347926,0.6923543061544142,1
62.329812682755794,1.8046990208103355,1.130409182520984,0.8829938248297731,0.23333282264932664,1
33.08980248526492,4.758226982064356,1.9278627536246655,0.20263263413534316,0.6253301699544539,0
6.355835028602364,8.912064768059482,2.8184404117231203,0.5875858711094019,0.7470782671290289,0
31.09823217156622,9.502588200622693,2.0774035959054284,0.7011395944174736,0.2187138889065392,0
32.518332202674706,5.2066136012488275,1.9956250160685804,0.6801118854469727,0.05994330086130828,0
72.96061783380641,6.520702502896369,1.2109473999132612,0.4081516908666981,0.13097374299417408,0
63.75574713552131,2.503305514828677,2.313560209448588,0.015394891691308477,0.6059969672710255,0
88.72127425763266,9.92051763523279,2.6442063212004507,0.5829260568042631,0.8494464062257355,0
47.22149251619493,3.0850453124509905,1.7608400150151247,0.25310153917960876,0.04499682123542437,0
11.959424593830171,9.48458596721613,2.551223701850655,0.45025424614289034,0.7341512590416462,0
71.3244787222995,6.846819840931316,2.928953307801623,0.9575810150838173,0.3413186459500521,0
76.07850486168974,6.469631153909732,1.4075329182553782,0.3990353176424347,0.4785283699195225,0
56.127719756949624,5.614196599148578,2.0466592623894826,0.8398016066644267,0.9288595498455656,1
77.0967179954561,3.076028305459828,1.574275916169151,0.18854060574925113,0.33197150473584547,0
49.379559636439076,2.5887522880495744,2.5857088380676787,0.6724604980250288,0.46533693393948605,0
52.27328293819941,2.9843758816315784,2.1551867317623152,0.9770069544389435,0.013682414760681105,0
42.75410183585496,2.6779443592982908,2.2691648351006073,0.10189310087293679,0.08159872000483837,0
2.541912674409519,8.01626026210078,2.595828319231788,0.008319942227192012,0.258591591134784,0
10.789142699330444,4.151127332500571,1.7919409453249098,0.43358279263261434,0.027852240821074403,0
3.142918568673425,1.5205840890705673,2.8301801368140866,0.0926254830513672,0.631375326048251,0
63.64104112637804,9.721923671267302,2.06605773449228,0.7483843496762314,0.4263983568016225,0
31.435598107632668,8.954072964670832,1.315909645670696,0.9145486638485589,0.548145202728022,1
50.85706911647028,9.349770548756917,2.391798236337605,0.43402097270875883,0.17464718589632955,0
90.7566473926093,9.954170403817917,2.586522700876509,0.25871164215544096,0.2959320294366161,0
24.929222914887493,2.5650572429753855,1.6335233541350533,0.4344033190066098,0.6638244748527251,0
41.038292303562976,4.566178170123929,2.7143585139975057,0.723447817850001,0.9653027236303998,0
75.55511385430486,7.824146281336822,2.812286509531533,0.009054161580370979,0.0504167736022092,0
22.879816549162246,7.26418556248413,1.5538089747556179,0.5894539894846972,0.8903843208552661,1
7.697990982879299,2.3850631570586955,2.9670429454304443,0.6132916848873791,0.5768812013112085,0
28.9751452913768,8.34249812491556,1.2814230560975168,0.6376882468959355,0.5639195667556237,1
16.122128725400444,3.019965146529946,1.40403133680498,0.2420220799808772,0.5002785352077603,0
92.96976523425731,3.0143585334036076,1.3684496784760523,0.7140527233781268,0.06939408590418339,0
80.8120379564417,5.832769806040722,2.787979420015741,0.0913914863317764,0.08987685173616067,0
63.34037565104234,6.336459413575328,2.3085851046499237,0.1992703364668008,0.6009120056590861,0
87.14605901877177,6.220775870540301,1.3042085664445457,0.8774700466544819,0.3409585714355583,1
80.36720768991145,1.8233815365797938,1.880646836736698,0.7387231507265664,0.9172680665776807,1
18.657005888603585,8.897147763673424,2.230596050139604,0.013745554011345251,0.40659053735947226,0
89.25589984899777,3.3904003832983545,1.1669281699787666,0.2483762603698002,0.14328145870264108,0
53.93422419156507,2.1656342915452376,2.7648327368146774,0.21440648299316456,0.714718833502036,0
80.74401551640625,8.998732718820794,2.6072070708830704,0.2708063280369726,0.29335342144100984,0
89.60912999234932,9.60086348406778,2.0104135471532762,0.2475597702798864,0.5254703073558932,0
31.800347497186387,8.759148555389055,2.934253230518341,0.06252629574284574,0.69783278550517,0
11.005192452767677,8.285644672523903,1.8355219585501994,0.45894051659682034,0.9002641112020704,0
22.793516254194166,6.8971778257511955,2.968220638072996,0.7327334747861651,0.7921911948016761,0
42.71077886262563,5.957716335482254,2.335839997607254,0.6067317247174364,0.6763610678727241,0
81.80147659224932,1.7828808392026914,2.269342546507883,0.6728716685980798,0.6796331823951436,0
86.07305832563435,4.676078917636288,1.33190979059157,0.08114917853623915,0.9459246440320865,0
0.6952130531190703,4.354196653110826,2.763855516609288,0.9514907101767872,0.29582409749653604,0
51.07473025775657,3.337784053842936,1.8549793758412303,0.8384918338430248,0.0011120941961874076,0
41.7411003148779,7.510781023197264,1.3244668115649587,0.8050903184956627,0.2719545593981987,0
22.210781047073024,5.4628816157089375,1.025215039951518,0.8229838050417675,0.217891379626744,1
11.98653673336828,1.7294159431688314,2.119511367276765,0.9327105081327614,0.6618345851139982,0
33.7615171403628,2.981648817548302,2.054799244245353,0.5442539661136977,0.633711599765529,0
94.29097039125192,7.149328872936364,2.438707244738317,0.2002820178676259,0.5934613827047238,0
32.320293202075526,1.6851777354127018,2.7805161060356043,0.6167836078525412,0.0162434432094537,0
51.87906217433661,8.660862226438919,1.158813169286059,0.742881493667939,0.7287780544506475,1
70.30189588951778,5.4563187431257685,2.462992980680725,0.7379173933540254,0.3235304124854915,0
36.3629602379294,5.325279195939832,1.3748238881951644,0.5214490241668801,0.6650559890066311,1
97.17820827209607,6.331670061935658,2.716354106314328,0.06845871933357806,0.5565784285021533,0
96.24472949421113,8.422128693326343,2.6381270277233124,0.3711129384301278,0.3427309254279072,0
25.178229582536417,4.1302828711197375,2.0815875099710888,0.9207666084633573,0.13457626710410775,0
49.72485058923854,7.102145373031572,2.420485597246623,0.584448909757426,0.09441889766048095,0
30.087830981676966,6.09158767596212,1.6287002263674968,0.5383319432557134,0.8315183331122236,0
28.484049437746762,3.403254431524792,1.9423357978656293,0.2688535143821935,0.918397542081558,0
3.6886947354532795,8.907669877196422,2.643273795420943,0.3684489199165789,0.6497880467642996,0
60.956433397989684,8.176834194462353,1.9185303943464278,0.8953460891531693,0.10343411486048337,0
50.26790232288615,6.926066511925829,1.7155965306508836,0.6664630475268357,0.4020272168882407,0
5.147875124998935,8.655235561848176,1.9884248945005998,0.7873870267523329,0.7289392001051572,0
27.864646423661142,8.805647808638222,2.6564985048744365,0.45434542306765513,0.7798208840100681,0
90.82658859666537,7.3752667904353135,1.6704160947417455,0.6302472194561579,0.1182186222910886,0
23.95618906669724,8.533119955273047,1.3475231862714876,0.24838360874320753,3.071884538241587e-05,0
14.48948720912231,7.277243155023553,2.4240280406615615,0.7054608302834863,0.712137045880605,0
48.9452760277563,7.121266945842704,2.651956425416164,0.4276013337033373,0.35659617598620563,0
98.56504541106007,6.5675024039366585,1.2012749570470667,0.4425455148147456,0.25448133161826025,0
24.20552715115004,7.774449756018771,1.4797482255118894,0.6493223245768817,0.01289746978952544,0
67.21355474058785,2.427445947637663,1.2839439795219878,0.9362806214689267,0.5402994067614997,1
76.16196153287176,8.927836832790355,1.6958828231643333,0.06400634660862092,0.8511507354259817,0
23.763754399239968,8.846591749707088,1.9007019578108253,0.8247432373470076,0.9576316462725879,1
72.82163486118596,1.2632255473110323,2.4976526739266127,0.2923831104121931,0.5657449506132892,0
36.77831327192532,8.432350755082865,2.3022951697633482,0.4439194545063778,0.5144613277398942,0
63.23058305935795,2.1598288072610066,2.241857134956862,0.021913328775008956,0.0850563854892411,0
63.35297107608947,4.016069688332277,1.7047498932193088,0.30104607783431303,0.5488728015425998,0
53.57746840747585,7.69157430662447,2.6828951061695197,0.5026312426301305,0.3799790789653946,0
9.02897700544083,2.4468390644347737,1.9425743347963291,0.05617607734743901,0.6071352808835769,0
83.5302495589238,8.36170321707156,2.958209876030309,0.49109572938316515,0.3887263478765467,0
32.07800649717358,8.489207601619677,2.2682842765914737,0.9271106288584273,0.24029912345036675,0
18.651851039985424,5.567209603847526,1.2525294831290055,0.10539321810780522,0.0949652752283765,0
4.077514155476392,1.0574728454515023,2.352355124150868,0.7644407280755043,0.31491844458889573,0
59.08929431882418,3.583343198574215,1.650208030863398,0.40967105337599263,0.09664483428775228,0
67.75643618422824,6.55234226538168,2.372654393372195,0.655173714524338,0.17689695082398393,0
1.6587828927856152,9.830675602246812,1.1392822963248115,0.26023659798522936,0.9873361585795459,1
51.2093058299281,6.686321743150016,1.3497628743519188,0.1594922625413583,0.4441035569066186,0
22.649577519793795,3.338232229577438,2.7114745178115727,0.16046261427122643,0.5318717665050166,0
64.51727904094498,6.706051327896502,1.4543591140470298,0.07049194564314465,0.8736185287372153,0
17.436642900499145,5.8598684174427,2.6740822504858803,0.18564670490124302,0.9955689004906878,0
69.09377381024659,8.018608556360292,1.5585521769088209,0.6642193849889683,0.5827144493446815,0
38.67353463005374,1.9628257494426258,2.285763820117415,0.881690611843508,0.8124738210441717,0
93.67299887367345,7.849251122518252,2.388301147019662,0.8141256855911618,0.32694102433667527,0
13.752094414599325,5.871399208084992,2.025309506290106,0.6851343098744841,0.3057439574472911,0
34.10663510502585,9.666928034730951,1.6106213533934626,0.11043186341110267,0.4027037209945602,0
11.347352124058908,4.076849494348175,1.4252887527421922,0.28918744629594983,0.6725072626736491,0
92.46936182785628,6.693597038205533,1.0663787091248524,0.309806875322469,0.6821916892550988,1
87.7339353380981,9.388252949590157,1.6078928024814476,0.24995694639762123,0.3152394346494508,0
25.79416277151556,1.9225875519161133,2.3063255810625662,0.5150056597097231,0.1332099241366287,0
65.99840460341791,9.43505638512806,2.8766096368969656,0.5355538148796726,0.6323962564655086,0
81.72222002012158,7.19097150070732,2.742408964526104,0.3568859751711102,0.12832586218876452,0
55.52008115994623,1.610533531946547,2.532129553070605,0.353789158736436,0.5784925082293301,0
52.965057835600646,3.708672102521346,2.5768946865065976,0.8285555979060814,0.693422128056309,0
24.18522909004517,7.373548797807534,2.3299698069519907,0.7892928483196856,0.7006114963944516,0
9.310276780589922,1.6061554132189453,1.520573715132006,0.30779583168074565,0.7534721106595967,0
89.72157579533267,6.23953414158646,2.8143900614116597,0.9137884438732593,0.8728594215656645,0
90.04180571633304,4.112947512576611,2.3414646238116683,0.952815017002506,0.49995899196478844,0
63.31014572732679,6.588239659907294,2.12088126196088,0.32674254203004083,0.7302491895295712,0
33.90297910487007,1.4116783043126158,1.2219789384269621,0.35442494879305486,0.6191727353658367,0
34.92095746126609,8.843831255371386,1.8941110876128509,0.5056341534219588,0.18663993979768256,0
72.59556788702393,9.761400722596573,1.9207165424038526,0.9411208125336735,0.025689644869408168,0
89.71102599525771,9.719900697571223,2.72912721904534,0.8763194331423115,0.28454138567693377,0
88.70864242651173,7.746866485686322,2.093296440375577,0.1025679625835898,0.4430337063376194,0
77.98755458576238,2.170776161175688,1.7608010979408193,0.3927307432714162,0.6171059444286563,0
64.20316461542878,7.824368763361203,2.953600657021319,0.5533711897497718,0.8499593305032054,0
8.413996499504883,1.2212822481292136,1.2214411866526313,0.50313247255154,0.19624571670616564,0
16.162871409461378,1.1991119637609753,1.8450968566238892,0.19386306793689267,0.1255497898984771,0
89.85541885270793,3.912491972345871,1.0840493503428106,0.8588167711681547,0.9634799474743275,1
60.642905965958995,5.397788713641992,2.4798082415338607,0.6769407829968374,0.10804455937640711,0
0.9197051616629648,7.933666760270139,2.836153104398301,0.8379083748518036,0.47849107010718916,0
10.147154286603211,7.149658389458547,1.5600746591009789,0.8587642793494722,0.5855637287933019,1
66.35017691080559,5.013124357390735,2.716683353598242,0.7483558536657398,0.5413744209074383,0
0.5061583846218687,3.462639996534993,1.5844364609237955,0.43921060124971734,0.0860321570329432,0
16.080805141749867,9.9741205014194,2.8215403232878304,0.6105467550154245,0.05702691400361937,0
54.87337893665861,4.835631720123756,2.507923807193568,0.16036540611974315,0.10548342746103567,0
69.18951976926932,5.062483218967079,2.6098135536828773,0.6736454174749077,0.5855876838726125,0
65.19612595026005,2.4726143907250226,1.036013111200909,0.17925325573928075,0.5443448876343211,0
22.42693094605598,8.153285938749365,2.925620714148052,0.6939495905101568,0.23374079203674425,0
71.2179221347536,7.243140032033398,2.4533419841406463,0.22959816075396866,0.6377741418455916,0
23.724908749680008,2.9869265150988435,1.6095021907722666,0.11755130015021997,0.8200675020556494,0
32.539969815926774,1.7414294105425843,2.6587893297176937,0.16528449014295743,0.041578959846593766,0
74.64914051180241,7.124493718672418,1.56304239682986,0.001992135219070268,0.4981299435480424,0
64.96328990472146,6.890600928530217,2.745507679132256,0.7187396178535302,0.6893104121026903,0
84.9223410494178,3.459335742983884,1.225160780823874,0.7324010490583791,0.2523119270696871,0
65.76128923003434,9.557772060253694,2.4073719549215915,0.5149333499132595,0.3077709052931491,0
56.830860333547164,2.3595210260281023,2.0813969532898207,0.1613628010553837,0.6136379029893838,0
9.367476782809248,4.891013209383417,1.1930689403908816,0.08355433751068975,0.8979352934437369,0
36.77158030594335,9.49254328150839,1.483787656517678,0.01912896643728701,0.8099244203028994,0
26.520236768172545,4.7775458523351,1.0248080725546296,0.1657481769652207,0.5831302190995835,0
24.398964337908357,6.74673352897677,1.9375359309290117,0.8908555349831467,0.7302217177572492,0
97.30105547524455,4.578349581665148,1.6025305215200008,0.24153684170168177,0.3648224702077987,0
39.30977246667604,3.4679368211380304,2.1967149685955176,0.35427132721721566,0.6409655280987577,0
89.20465551771133,9.855798831638454,1.5944756154172344,0.10534548448133318,0.46618159112755697,0
63.11386259972629,4.684006056835387,1.5998382230139694,0.22236130474817029,0.1899361364575609,0
79.48113035416485,9.04689283311221,2.4863863974632068,0.5192245707802051,0.7017382738772572,0
50.26370931051921,3.0695914530197754,1.096285671956707,0.6077526830956526,0.556464637348822,1
57.69038846263591,2.9179423362257495,2.8057899903839747,0.24535231416621106,0.3586215819535914,0
49.25176938188639,1.2802067459606024,2.704527748782363,0.05773215922511721,0.9113391900786307,0
19.52429877980445,6.865001428382966,2.335609366452813,0.39103286912739865,0.020934117826733267,0
72.24521152615053,4.316737093513851,2.1864431402147684,0.23420337092633414,0.315773151249496,0
28.07723624408558,8.779224248556734,2.7846049962793042,0.21955392322980194,0.05688139777764656,0
2.431596643145384,5.258889160224014,1.370660359057429,0.9598628027134553,0.7665273162216272,1
64.54722959071678,9.713740851232496,1.1579383243816572,0.6163004859257241,0.7021074541137926,1
17.711067940704893,2.6697296413280904,1.4790203398190762,0.5568784431720959,0.33135221873631704,0
94.04585843529144,8.817608511600497,2.5891565574003805,0.4157751035233219,0.675662902207073,0
95.39285770025873,7.989371675125676,1.0693405334529666,0.42894433343014426,0.39593722619594984,0
91.48643902204485,7.938296601796468,2.1656136701669793,0.5409050038380808,0.7562537914224343,0
37.01587002554444,8.60304905305199,2.99087503238262,0.6964298070361072,0.4541836627367061,0
1.5456616528867428,7.84921591848699,2.711392187675079,0.7021460961818294,0.41227972783166555,0
92.83185625877253,6.635982894682739,2.042891378087179,0.17169390770544957,0.934729915488301,0
42.81841483173143,2.1812038991414884,1.1272818185732847,0.500112752076627,0.25087909989070023,0
96.66548190436696,1.2927356154212672,2.6627470287714194,0.41195809503410197,0.12044733999656543,0
96.36199770892529,9.287630630341182,2.197957016354421,0.8705269662693842,0.5845431132594582,0
85.300945546736,6.549852830686643,1.2298659941191337,0.6314189212183764,0.9693218122841789,1
29.444889206958567,8.168835618785586,1.1877145696467124,0.5325040664159818,0.37783921372718665,0
38.50977286019253,5.33370116361295,2.819253638873185,0.11539464217891737,0.06203676362878152,0
85.11366715168569,2.0557737006615504,2.338400525876157,0.6056378893234114,0.33930526730956745,0
31.692200515627768,2.126672129822954,2.6585735986335113,0.11720390568023342,0.5059316543195584,0
16.94927466860925,7.170087585060743,2.757957800564535,0.33720657556575206,0.1619230066322137,0
55.68012624583501,4.872753054095164,2.1435447040966444,0.14284196481433187,0.658102218056492,0
93.6154774160781,2.8047225403030307,2.0348927035100823,0.6920736470243689,0.9977493890102006,0
69.6029796674973,5.424350920672932,1.8608548206419804,0.2062521138361526,0.4517394759814438,0
57.0061170089365,1.577880433676207,1.6338931755822386,0.391859373188026,0.35472855673021264,0
9.717649377076853,6.237742617229589,1.8691919217174235,0.8956747776187787,0.40070416683446664,0
61.500722669916975,3.4209406399158793,2.5477593114603128,0.2043163833989703,0.11514617839520114,0
99.00538501042632,8.178031905734693,2.203846862030263,0.5078050639587791,0.8832736014262238,0
14.008401523652402,3.793257630312164,2.785046579909692,0.419271661166022,0.414825655521352,0
51.832965236373674,5.09698134173621,1.8867600287583755,0.018124041045729733,0.3872744114248413,0
87.73730719279554,1.1045848591729057,2.214179157437508,0.7927581135728128,0.6596902729304743,0
74.07686177542044,1.65202199015103,2.2626151061839774,0.06904590631459973,0.4420334209311235,0
69.7015740995268,4.532442007660164,2.1833943246126513,0.4742550209769536,0.648233468807846,0
70.24840839871092,5.319449512454112,2.4052675461710327,0.5606782949389499,0.061446290130787506,0
35.94911512197552,6.400184933073733,1.4748669367496126,0.6284264566145871,0.8137233437222274,1
29.359184426449335,3.624963208383729,2.024727555091581,0.6886316293078756,0.9405039528794026,0
80.93611554785136,7.254836975138883,1.2084496056166953,0.2532723835227151,0.648765386159386,0
81.01133946791808,8.741101574702842,1.769022655289625,0.009978776658449373,0.9545659288588108,0
86.70723185801037,8.018658900040148,1.9753341372425288,0.723443662354912,0.1514323143699633,0
91.32405525564712,1.3565694281352143,2.304448519090945,0.5356565993475786,0.4774161894803537,0
51.13423988609378,5.32456252532046,2.9010621051724073,0.8361177032072488,0.6018067339454473,0
50.15162946871996,1.9443716057635738,2.2013021330967115,0.8213883629006943,0.5817366474211867,0
79.82951789667752,3.178405142762747,2.4871878323531194,0.8433261677878832,0.40146177908904324,0
64.99639307777652,9.879963339404318,2.0125321189904053,0.48509465997954015,0.3380844093662614,0
70.19668772577033,2.282459886113619,2.2682080627526626,0.33362839583686565,0.1268240225504188,0
79.57926694361011,5.489993381062204,1.1418644322675469,0.79155820259137,0.3917424505622782,1
89.00053418175663,6.563401608863072,1.508783161683694,0.45129411302925493,0.16266081510548513,0
33.79951568515358,7.322184734896935,1.7237061864102774,0.1834421964034345,0.7343656764922184,0
37.5582952639944,6.036838151382227,1.9449867100130271,0.8549740195614743,0.20883093549458998,0
9.3981939840869,1.087937626772653,1.0912974910047675,0.8825598767723473,0.05856530528453385,1
57.8280140996174,3.938151774195927,1.2800481951066354,0.4663097561401701,0.5523661378172343,0
3.5942273796742086,5.6594047904624025,1.5536286155826116,0.07569972730978747,0.5952297327194016,0
46.55980181324602,1.7907984923035003,2.9430653818021013,0.38782608991693124,0.8719130612805055,0
54.26446347075766,4.155642380882627,1.6626940142061015,0.8035376594626034,0.5769816124176819,0
28.65412521282844,1.298827979122299,1.964082116224165,0.9017740285462287,0.3454808537234457,0
59.08332605690107,1.7072064743951867,1.3921954254767859,0.20347274249759584,0.8030118815263205,0
3.050024993904943,4.5723094858143645,2.2215601421515365,0.06697361202527152,0.5402788931874211,0
3.7348188749214417,2.194441786387543,1.5613664310319486,0.8773504531328387,0.07928028463119174,0
82.26005606596583,6.107867634354023,1.4139851568768536,0.3894049389788753,0.5658505603132467,0
36.019064141126286,7.2051847222353915,2.033145256891958,0.5417609642675633,0.9080185454216624,0
12.706051265188478,8.205280291981746,1.0110115983208416,0.9680658120507589,0.39631262549822055,1
52.224326005480435,2.8013521982032907,1.0153280652984507,0.06656472791422285,0.29632580189980007,0
76.99935530986109,2.507343240331628,1.4381376182037156,0.6483180074520956,0.14346945701802005,0
21.582102749684317,1.9411105630096022,1.0734427250016423,0.07410542257486707,0.15144552193535732,0
62.28904758190003,6.72787224589273,1.2160515082613828,0.3754689284665004,0.4327714843418189,0
8.5347464993768,7.35828153838211,1.6777212986775032,0.8038145451934468,0.5956798241615295,0
5.16817211686077,1.2842753034307783,2.605171359159626,0.4334722327556344,0.08061540516960175,0
53.1354631568148,9.42591021619321,2.1440972867386017,0.9971823539029504,0.9395685890251657,1
54.06351216101065,1.4677415528632518,2.0253354519128326,0.5590592849466022,0.7551336174451959,0
63.742990149820656,5.871667017709634,1.5869776464162433,0.3211621526359535,0.5866239182836627,0
72.60913337226616,7.381544675058247,2.863507438865633,0.22011132590475313,0.8284386709389908,0
97.58520794625346,8.83872211371477,1.7940300824743833,0.3505205342861618,0.08018675681211329,0
51.630034830119534,7.4267823891918505,1.174185533591543,0.3725332737595508,0.4768388777331244,0
32.2956472941246,8.215552747628127,2.2341330322356026,0.06871367772396098,0.6300931268616634,0
79.51861947687037,4.0550517328852544,1.2276767869532028,0.36957419942677316,0.8286529061182892,1
27.083225126207424,8.33342602371861,1.6904462856033842,0.4642385197392249,0.7834695600492677,0
43.89714207056361,1.7210336174620764,2.0148238774356177,0.7227377522388047,0.27706924971339963,0
7.845638134226595,9.05334990454475,2.7484450493703516,0.656729484721608,0.9408801695592043,0
2.535074341545751,5.928331385383626,1.9870931606802373,0.7087656552291542,0.12434584143087035,0
96.26484146779251,8.355679929662443,2.4045175320633287,0.008363681876857099,0.8751336186211521,0
83.59801205122058,5.070864560664702,2.9856336779981407,0.21766739958053605,0.9709402496046186,0
69.59742060936979,6.792199256768725,1.2629782397959632,0.6616842883998565,0.17715352322262556,0
40.89529444142699,5.737623948425019,1.549463051039039,0.48398936817974714,0.7220660642037853,0
17.329432007084577,7.584305695797987,1.7891521511952928,0.005313475668345946,0.040285518777998464,0
15.643704267108605,1.7346698382753063,1.8436563570776627,0.8044946424318223,0.40542282513915495,0
25.024289816459532,1.5431687559150742,1.8220421505310915,0.7728095732903374,0.516283299197674,0
54.92266647061205,3.223929106091318,2.81522200511311,0.5484191629935626,0.5806452259096341,0
71.45959227000624,2.435902121018695,2.4280652889337127,0.06646332577627212,0.9359372482485595,0
66.01973767177313,8.846052099329814,2.2158104281814075,0.7665150495325846,0.6722506872941947,0
27.993389694594285,2.9729258862223986,1.6187454357255642,0.583713587731364,0.481277951219237,0
95.48652806631941,9.782787302372181,2.647580768442589,0.7819599771579592,0.8096750362658893,0
73.78969166957685,4.032062125939961,2.910121022969978,0.7517469923958404,0.9505328209544089,0
55.43540525114007,2.6390612411982937,2.6423965651004533,0.8030020719578371,0.022066148682290843,0
61.17207462343522,8.107286564282312,1.0031302103829458,0.5180080664046248,0.9825212722560387,1
41.96000624277899,6.928369979507885,2.272802740366814,0.140324518193515,0.08613213906368034,0
24.773098950115745,5.483761448078251,1.1022707628842014,0.6711574733796887,0.8143867792687614,1
35.597267865126156,5.998271958438681,1.5152144406674437,0.6204737850519706,0.2803347525514125,0
75.78461104643691,7.472816004450374,1.1190494006955434,0.7422531871990872,0.13217965775387175,0
1.4393488629755868,3.0560926719816885,2.2075909058987753,0.1698810060507353,0.4398556397138349,0
11.607264050691624,9.967005244510677,2.3731798269852136,0.19497519990028922,0.6439565794476135,0
4.600264202175275,9.773138459321048,1.2289752761318102,0.8904095172193285,0.380951845023475,1
4.072880231897013,6.852931177122432,1.767677766089959,0.7499777984520708,0.05456540828269896,0
85.54605840110072,2.7958820583623063,1.912473017911084,0.9082284887003229,0.5994611396587166,0
70.36578593800236,7.122054181881622,1.7381060435218332,0.7587153211639207,0.9024032761106747,1
47.41738290873252,1.6497856808125826,1.242050000970386,0.5971553059903019,0.3832153659472517,0
9.783416065100148,1.2758725198522547,1.8378955803749508,0.6541327370278737,0.21633277763082703,0
49.16158751168324,3.3191459966009234,2.502356095616836,0.88912792394001,0.4425773459328154,0
47.34717707805657,5.163606610653847,1.142015329066511,0.5788067545119405,0.04836271104878087,0
17.320186991001517,8.814452548675424,1.160360028163807,0.6323913243283874,0.8204875844802748,1
43.385164923797305,7.544521627896772,1.7095425836719684,0.15647671600360058,0.8263408109501867,0
39.85047343973734,7.684358690799829,2.88345142323785,0.4739212201161027,0.5880004634296284,0
61.585009805221645,4.829440010032679,2.337145293445828,0.716397111958099,0.3531028889383895,0
63.50936508676438,4.113414932922666,2.35733991334513,0.2709426983163654,0.7997833644457834,0
4.530400977204452,4.339348866861425,1.72383998167573,0.20225418052453492,0.5546870247883672,0
37.46126146264712,9.88884607362452,2.187321582417077,0.31382680822441555,0.8259323085500162,0
62.58599157142364,1.3609827227123423,1.0202623680554868,0.24150062799283345,0.6314587925830206,1
50.31362585800877,8.803283465102037,2.2721920928190844,0.21491263703639585,0.7844054732127973,0
85.64898411883223,6.208078677151541,2.8265738951524737,0.42485084286808694,0.59856299321776,0
65.8693631618945,4.947538772706315,2.2251469366896384,0.9078385138835341,0.4141410682156662,0
16.29344270814297,7.527318943736229,2.74739718693269,0.5070596467387183,0.9579458599261376,0
7.056874740042984,5.380020472822325,2.447946110932188,0.18792038081532303,0.5411138248788447,0
64.24192782063156,8.860809142734945,1.2411168328073805,0.07697166938087407,0.6050895185405384,0
2.6511310541621813,9.106316776101327,2.804906614571683,0.6961561451379252,0.22048763941474925,0
58.57755812734633,4.795488341861098,1.1328876887115498,0.38279876443638783,0.6256507894272765,1
94.02302414249576,3.4914501751154643,2.0679349450955273,0.8218309465853593,0.5716076494829438,0
57.5474177875879,6.33115295734026,1.2842742475869153,0.6595107686407702,0.18483839794702495,0
38.816992620652194,9.211270110550219,1.0234132214618081,0.7962414505413685,0.059587097353143714,0
64.32882184423532,2.895959701050999,1.844068520255278,0.27194603941844875,0.6043593197147711,0
45.825289049151664,6.606699252071345,1.5900814153083125,0.6923589224610581,0.7636922693503205,1
54.56167893159349,6.684041980832685,1.972000987595206,0.2640619846937188,0.5234013709220082,0
94.14648087765252,7.5980172017375285,2.154399773469102,0.9390684794502916,0.2267726253196457,0
38.610263780077425,2.1841091661453382,1.0874781446178947,0.6363742815333744,0.6665219766930349,1
96.11905638239142,7.442424682138797,1.2460065902474913,0.3245118001753421,0.08010572660960225,0
90.53506419560637,9.181292685990769,2.1172847929008505,0.26951186229227264,0.4418337048019546,0
19.579113478929642,2.6171479798321777,1.6863347063453165,0.1909265850716435,0.1633667583984202,0
6.9361300875165455,3.1378899243148988,2.458346975098896,0.6946409588937278,0.18445905105988336,0
10.077800137742665,9.742555846374756,2.3045832971838793,0.2187156129979273,0.20229394915820365,0
1.8221825651549728,2.628792574385408,2.6912087259798136,0.5953032659274891,0.3867070570439779,0
9.44429607559284,8.689465840326212,2.3849856533384504,0.26463502692535734,0.051150205620397626,0
68.30067734163569,5.430500708032313,1.8598621547802963,0.6619689447938686,0.3977934409290982,0
7.118864846022898,3.2250796696285935,2.345933244788865,0.8149397285405392,0.5117074471147008,0
31.89756302937613,8.836749111452603,1.550762348510837,0.7780252431446532,0.4832942849663252,0
84.48753109694546,5.007747295023989,1.6126269975564254,0.7608513309307817,0.38278410040304056,0
2.3271935735825866,5.633356185367211,2.5779703198415866,0.18772240569225207,0.8391466080707525,0
81.44684825889358,4.233100324597891,1.8928390328031643,0.08838494698451871,0.1453266924205041,0
28.185477477339994,6.3365576629143465,2.596760681036705,0.6989488284873856,0.505696743781374,0
11.816482762165625,2.4717148532652047,2.644844747336557,0.3683472137943513,0.062041416956554296,0
69.67371653641507,4.519733829865846,2.7151246753225675,0.4323462264033473,0.07115567887790974,0
62.8942846779884,9.724710901017588,2.8332704716824146,0.031149092793391064,0.5738658496770963,0
87.74720135270529,3.3232008943101476,1.8619704410265925,0.2595764492750492,0.566018424887821,0
73.50710438038858,6.910629980871629,1.6377336366422777,0.03367640387446402,0.878033512844457,0
80.34809303848486,3.926710578022254,2.1643974931882277,0.8791857726012476,0.5578736756600732,0
28.203457257130648,7.961258131179406,1.7423448468752551,0.24339668321853047,0.9597910204048502,0
17.743954377972283,2.177862946465148,2.2021483336004657,0.557337169573008,0.04869484839992977,0
75.06147516408583,9.728389405706903,2.411171725287649,0.03897932066113041,0.09800768478074107,0
80.6834739267264,5.084105872452753,2.3768100369842737,0.6668473913056581,0.04406586157038139,0
99.05051420006733,3.1244541701181756,1.7491057740402427,0.32302734575409386,0.18527685033354002,0
41.26176769114265,1.6614707259701138,1.3337204033975056,0.8979191869576658,0.5412701109416781,1
37.201808579278314,2.5278211457878665,1.861058676924415,0.8881181889340358,0.645572181427428,0
77.64129607419969,5.677965537004159,1.2851882881638175,0.3252906183617478,0.0455851579486688,0
34.08035402530179,4.033028587881576,2.7801940703676165,0.9009608956904679,0.9459708898455993,0
93.07573256035647,8.459950292943486,1.6917549214757148,0.9961576734987788,0.842165376650381,1
85.84127518430118,4.877987712956253,1.3089194944466476,0.8254156641239481,0.2966124821570931,1
42.89940273750184,3.238428453288669,1.0508955198115018,0.844871347755229,0.07718753022646796,1
75.08710677914974,6.554304879436271,2.2916447725729685,0.2490087361090899,0.16988707321905727,0
75.45428740846823,7.360994951969012,2.2738046349094865,0.5767023988577563,0.12694441375497267,0
10.31238688359326,2.5033771711085486,1.6812083331625833,0.06725591396736785,0.12328377929894685,0
90.25529066795667,2.508572946594859,1.143423777695302,0.09491793682166971,0.5185616886657339,0
50.525237244785714,1.3300428424018866,1.819257789790464,0.9988926120332906,0.2458474424934003,0
82.64574661077417,7.627618135590764,1.6224349901267872,0.32663924942591094,0.35813971652914445,0
32.00496010306117,6.974240748596245,2.3542412794700187,0.7481839120488464,0.9895053333843224,0
89.55232284962005,5.2716778817483245,2.2115584989053807,0.8066650530268165,0.6843142489253448,0
38.92016787341631,8.597534040722774,1.72918745639508,0.8580232710072292,0.9489806670470013,1
1.083765148029836,8.251031376550479,1.4357851085099802,0.9976282974021565,0.1425565550331156,0
90.53819764192636,6.26818927957077,2.976071932311184,0.24149648525686784,0.38213947483256927,0
9.128667678613356,8.814441524619328,1.9080032423922297,0.04035082685969971,0.5547318032823543,0
31.93136375904149,2.8525708903309144,2.376548471560474,0.411191517994586,0.07675806188873802,0
95.0061967050805,2.007276574579551,1.2811059351567216,0.13008066982894695,0.004187443627957865,0
95.06071469375561,3.4277465036529065,1.9711793993187956,0.022425889162055124,0.6704343337969175,0
57.34378881232861,1.5137817048038338,1.055073439738931,0.3604268271414861,0.6418195168014353,1
63.183721216979926,5.780525752009288,2.0109102358208997,0.7837382510752364,0.41078880999961176,0
44.84455219783198,9.429451230654653,2.9280348142354047,0.5661806912250709,0.48964407603203264,0
29.321077169806454,1.3540918660165868,1.7684134259716005,0.31277798921035405,0.4154430005920896,0
32.8664545369916,2.098989226090241,1.0779920251498232,0.6543420054927197,0.024005044844888856,0
67.25184560770384,5.069791254550918,1.061911581838687,0.23201818030881072,0.3353716062174624,0
75.237452943768,9.404875157751144,1.775973519893739,0.014381446072085025,0.17708225539728983,0
79.15790437258485,3.8454049447907543,1.320049872926388,0.7643533864364274,0.09842418910136874,0
78.96181427945538,5.565113278195532,1.0467041926563718,0.6237430848640091,0.9567204338893498,1
9.120610304869036,1.3741557314535289,2.5124272279003534,0.76230262450096,0.5993597250421656,0
49.442030470258146,2.3350888086587998,1.9170460177637814,0.03893801668766561,0.7286562842366027,0
5.755876001664428,9.879671106629623,1.578489543945309,0.8371196278306522,0.3153637432661175,0
54.95288823237355,9.68606826792441,2.800166366032961,0.6195262000363033,0.3931471294940152,0
44.1530501373377,1.0444598284096864,1.2322779204010512,0.5633953507126401,0.23692399389672347,0
88.77041827582998,9.566306068809151,2.911837657910638,0.6246140481145316,0.09696567096542474,0
35.09150125520787,6.752079440339504,1.6279334347547056,0.8644332468683641,0.1790316374415838,0
11.706701642760587,8.811264650680199,2.7768073446173624,0.5869365065589071,0.7975140452964858,0
14.299168205283586,5.092658700704732,2.205885752958923,0.5809503798881793,0.6775458051837758,0
76.15106317174723,5.640364257213252,2.653414719482975,0.9906791570657658,0.5469288759854769,0
61.82180633162611,5.399619222312282,2.9680263264209286,0.756730167068568,0.47508987286676807,0
10.112267612279025,7.001778317914939,1.5768108756374914,0.4422938054511353,0.9224342836561245,1
8.410680611499743,2.256861292806816,2.9222709708151857,0.7073970000329277,0.0727349477786684,0
70.096913145912,1.2697623088541015,1.7789637898048407,0.3892304716917885,0.28060081323791597,0
7.276300636419353,3.7713694743207182,1.7710238094738446,0.228875462483499,0.34993785357071405,0
82.18600592903562,7.342126864629821,1.6807742085090114,0.5968518768877594,0.7824258122127878,0
70.62422271564962,2.816681069106535,2.08281521469517,0.9281820981139515,0.9925146201619713,1
8.134878064189976,7.060891899924256,1.3082900863569742,0.9291395200154627,0.24067051475715306,1
8.483771408519193,9.729208414965434,2.1074229707160224,0.3419052781054903,0.8743073341370806,0
98.66395785011754,1.8451064421047656,2.083409624820008,0.527677466221695,0.8306227604317913,0
37.427079575612034,7.053419064026136,2.52380362520974,0.2116358985698612,0.22465739764176662,0
37.06421470668909,4.993751973741141,2.667299923875171,0.9956311094988834,0.3993325801992226,0
81.27995672575025,8.813280289397548,1.880882700624848,0.9811179078679357,0.4096728692925191,0
94.72485773838586,2.594348105026473,1.6046664987029875,0.6495089297074473,0.9782206685265583,1
98.6001063822871,7.23363357003548,1.518669794634189,0.8044140596774734,0.18089190137889832,0
75.33781852589416,8.543037606832993,1.3892476734097439,0.7151001612837,0.799157971104782,1
37.62595855309158,9.501527975266209,1.1152951643980498,0.5931582190394682,0.3341927141731099,0
8.350071669866876,7.1492322546068126,1.6848959576694267,0.053347996988897695,0.7308703457761604,0
77.71469159274368,5.474572876075846,1.5404953842615665,0.45476434255266107,0.42001100429566285,0
55.840424973580504,6.560625161810925,2.9328347717328147,0.6747863021674105,0.57835976311654,0
42.42220092469763,8.820144860308464,2.1154176525000876,0.6775316138836847,0.8326117733261311,0
90.6354385094736,6.1354877197494675,1.694554078061015,0.3731226184223836,0.8041655649838841,0
11.119748230615134,1.2734835372715319,2.160935201987392,0.9416919866580306,0.8664231835397002,0
49.262510429085914,9.3785382595628,1.278393402691391,0.167357032236781,0.05961732534465902,0
1.1353644767419069,7.20574075928405,1.8880874984044058,0.5003594462155606,0.6920505530397448,0
46.86606419941263,7.088620471995219,2.2524686428421274,0.6908839765508228,0.13998737672176287,0
5.630327568183735,2.9410763715794546,1.9777956635849028,0.6971358058918092,0.415818568018411,0
11.881791626807193,6.929969232093915,1.8035576013086485,0.6486389567688156,0.5485884150546885,0
11.752624677710488,4.544779650887426,2.987696777799396,0.27528821345186016,0.40273948474683074,0
64.92103021160635,6.861096793373429,2.760629524297854,0.15620656868662197,0.5196116758030075,0
74.60448792654233,1.9593372727719165,2.2468119163188804,0.6359403268267109,0.9965263087986191,0
58.336876509715964,6.920607741427324,2.1387547223645655,0.5993021161394377,0.13521731371285473,0
96.21725484745419,9.994723531936,2.241320959649168,0.17935601028924097,0.6754560453364256,0
37.48705795237041,1.4339083497450043,1.4026242156448665,0.7051391455705633,0.3960009663856152,0
28.571208628186074,9.794567657991855,1.7902754865286372,0.4551719917336564,0.13300979890732878,0
86.85991281894603,4.662171646505835,1.0789190657817986,0.6677605916031529,0.15873676337430953,0
22.359583851945263,8.836781053035333,1.9510920749736533,0.8373670797701507,0.9492731062456169,1
96.32225394406113,8.04146935652446,2.086049167915326,0.16972842857692316,0.879601496711762,0
1.2154474689816341,6.10314634888001,1.4554994722064192,0.01914486799683668,0.9070419604150218,0
96.98788267076391,7.646042883261939,2.9280576943310272,0.7791025863957868,0.9915327758273865,0
4.315991195057611,8.906640051712131,2.818909221874484,0.6096974251526159,0.20831539000851795,0
89.11431136980711,4.637262894859297,2.4442864709118117,0.6996395696221217,0.35543933736406175,0
52.77011090862999,3.943298454069148,2.066773257530725,0.8381549749886426,0.6692190299248667,0
99.29647961193004,7.0083404700722625,2.73993831929537,0.8028109348245005,0.48380253986064725,0
7.379656473539886,8.270613477471327,1.2613046876469258,0.9609201469288247,0.4183895333783335,1
55.38542844013208,7.860566212989542,2.58101958854977,0.5359350788521182,0.35781124933559305,0
96.9302535619099,8.18032283972771,1.2496416279336966,0.48849563265990537,0.5937806319434522,1
52.30978441701488,4.920249833316397,2.588421325098811,0.4018871998907301,0.575593428640082,0
62.93986381352625,8.360507945575193,1.551535136502714,0.15369104284420454,0.16145783406424008,0
69.57486889846172,2.081881498335476,2.754181162036378,0.5726072328820224,0.47173983751843906,0
45.454106476777326,5.900401881647646,2.8880841876507954,0.2770125243259788,0.5534717762098499,0
62.75580800840635,1.0518279444830942,1.2975919388102313,0.9213075122129755,0.5702869387313905,1
58.43143119231002,3.9212724691024325,1.925351210130787,0.5831908042770976,0.2101071929123518,0
90.11580104909889,4.298153813842581,2.96197475632537,0.5928401805081102,0.7422713922522868,0
4.5446380341457875,4.565554224483298,1.9668148719462932,0.35492466087701,0.025199094821069634,0
28.096318959223034,7.25920486020876,2.72709504502909,0.05198935197770749,0.35483185554316266,0
95.04114840765587,4.4970229114331115,2.1774630442626397,0.03174376537298862,0.7802126485356335,0
89.02637838909163,5.038242603602776,1.7506598158392037,0.4233351441531975,0.5638929210554023,0
45.56567527857129,3.1378971778689473,1.5715671110517404,0.08456537809723785,0.26116243251086024,0
62.013259780153675,4.35926612466406,1.4064461821721745,0.6068469555401391,0.6949531193430477,1
27.738118298113267,3.045426645368363,2.5235963827553944,0.8809730056396574,0.5673909441560734,0
18.81211597237613,1.6587633139159927,1.7730810136460557,0.8829148165187222,0.7962436094563872,1
46.36984049399822,6.431037340432401,2.0225509244015023,0.6590454101322324,0.7350251861898234,0
35.33522280260528,7.013915186995146,1.9846509600023639,0.211231831472931,0.6101079220362347,0
58.365611185087204,6.575413114086531,2.1545580584662627,0.8629968313588721,0.488177675310814,0
7.773463696498483,5.171446394205152,2.7311542912491045,0.8860934353132082,0.1331821256675234,0
97.43948076661665,4.418072021613068,2.961478687166859,0.1966535849529587,0.26133301788538377,0
98.62107444796028,8.770002846146427,1.8151684171476339,0.7374260857706773,0.41909947291708527,0
69.81617140197451,5.671736066225963,2.655037844212606,0.28651954892712295,0.5992992870063887,0
53.60963663441204,5.312636898667579,2.5290555893094355,0.8026403123529297,0.5137078552153048,0
30.952761628632775,1.2307785922579213,2.1470579029111465,0.9972378999036027,0.2881845259595295,0
81.37950197069486,4.071230448635407,2.912094287223866,0.030026005329392813,0.006464357789710551,0
68.47311725538793,4.421760569072713,1.4009490310568056,0.8973658657909319,0.49623922190081393,1
16.26169393448913,4.589405028072104,1.2185284206192428,0.622630533598658,0.2856259885622431,0
91.09271844938425,6.221551323045991,2.7079239339108443,0.9733826191648212,0.7346083007105351,0
82.2537242923169,5.802422920541906,1.8782996332674966,0.4650095175264276,0.02394626527048349,0
94.9799913291924,6.471145835141002,2.693937708414121,0.8473879305713737,0.5848278113057909,0
72.571950838836,7.883949353879155,2.7861804103908296,0.06239406859827723,0.9414742375060654,0
61.34151959357899,8.316871648444842,1.1249151872381429,0.3352790500782957,0.1744092671114995,0
41.82430362906189,7.46310768603845,2.766929525972121,0.06701653775120997,0.47164949075059537,0
93.27284833540132,9.599713263594412,1.8966381107388444,0.9753431334790705,0.09142199181713817,0
86.60638895004084,1.1640932440872547,2.0208649780084644,0.8169739072718367,0.6256819122613526,0
4.521867010618941,2.7620018711519148,2.2531850221864205,0.8525474212459705,0.5505316805962256,0
2.6366974497252005,1.068065874803279,2.8527652134601738,0.9379652314338942,0.40736552421283234,0
37.64633668780496,6.827272427391427,1.038232188859528,0.08510348611978535,0.5213770214737412,0
81.0553330781833,9.082274940549881,1.9536869366356342,0.38559759251333336,0.8965746584690102,0
98.72761293149445,3.1913406691866935,2.3754440848611216,0.07103488904400213,0.19629430231106704,0
15.041689110352818,9.34331090316676,2.4454139153964567,0.21079310155002862,0.022564511705347234,0
59.41307153521351,1.5424065126060476,2.385064863074216,0.22936577703767236,0.861664884699101,0
38.08908566310215,9.409924241249628,1.2688702588162437,0.4691072110475787,0.5771170823879065,0
96.99143978146031,4.16460418515671,1.5987911767433625,0.2685621674536426,0.8906584554618424,0
84.21189231357087,1.9127874560429485,1.717431050834027,0.10097810681776109,0.5969452234131726,0
83.83287047111378,5.372845832676931,2.60887441535901,0.1674910890941077,0.8101610899597025,0
46.86931597949703,3.3109891094845714,1.557519744829106,0.14727556355209093,0.42967336335514794,0
41.48195023376652,3.5638561176573056,1.4214099277344063,0.9730767979122983,0.7498599312882688,1
27.340707193070624,3.765609684336579,2.9148960380761926,0.7592925069184736,0.913041466889856,0
5.6375496650927115,8.22723308049397,1.0177265702269378,0.967761465269562,0.5721229637222063,1
86.47223762550531,5.85245149007729,2.995641711363956,0.43974048650790853,0.18078515056237954,0
81.29010091300776,3.8017692924040327,2.3536425977147912,0.2783684816626566,0.26879761503019817,0
99.97176732861305,6.493004049798265,2.6569385988982344,0.7982931972091867,0.19864457689740578,0
99.66368370739053,7.445356068008742,1.5892387926923863,0.3262539180411468,0.24685702759573291,0
55.543170560262745,3.453616006601804,1.02863055533412,0.2993833737053483,0.3064154493510364,0
76.89874151805105,4.7219419137281635,2.47573903712306,0.2325059922078312,0.5551337867531885,0
94.47657298824281,2.096974840032528,2.6682891940013516,0.12967897822423535,0.5879916294638328,0
84.96473906774115,2.630344145812123,2.4809522639070383,0.25646306101676597,0.4264997472418611,0
24.734810174319765,7.130060685684845,1.2857005746016772,0.3553197484738877,0.6154207798208354,0
45.05441353100935,2.6329451292606425,2.506855844513938,0.6739942081457304,0.08157492561136592,0
12.915941515149498,5.726470453003541,2.537845564215282,0.06256484221945158,0.08778823705815997,0
95.40510272587224,7.381416355501894,2.31708103134011,0.21050693966534295,0.17182946035765845,0
60.617463445088006,1.9618923078526946,2.5322318655911724,0.8090236402916764,0.5180774980403448,0
22.864280550346272,6.105809976660132,2.6918428793554643,0.14692192358377076,0.21399467869831357,0
67.17006844058567,3.309065053312274,2.227208228474917,0.34264514652252154,0.28328440349257733,0
61.81282404578958,9.666341877138219,1.1772094279393581,0.8646589218581401,0.40031283617299407,1
35.81627180328405,5.351910820479323,1.9752556193344217,0.15492531114344266,0.8118661240103798,0
11.355759219962902,8.253932947976423,1.1552986693432101,0.0827368356181899,0.013862135912860118,0
67.15731955927996,5.952038879406356,1.8150860620648617,0.48453799508001083,0.6493788202366224,0
52.03077009037933,1.3907127956933725,1.8142129782512553,0.3024195112785364,0.6688765310406853,0
77.23183917356393,6.698362380346201,1.1320196882804832,0.5634083644838541,0.7986557803566365,1
52.01635011119934,9.562630079859913,1.6976410679389586,0.8038048904834751,0.9327529390603132,1
85.21815003185401,6.414506381316981,1.2219961975826297,0.13714848815274316,0.020137848949289827,0
55.190683877448556,8.372699734841111,2.6164704200184445,0.580699084554285,0.15378370551321618,0
56.093797153538624,8.957858170135669,2.8953760519289418,0.5055087603898639,0.886171294055993,0
87.66536026583451,3.0527179475403923,1.1446329505158772,0.14407878601319957,0.45851856218701537,0
40.3482866212397,2.90840355917404,2.9102304145834026,0.6239984855289824,0.5645906389334635,0
13.401522845064074,6.498828899658926,2.04515319867349,0.27364041786077165,0.6630272037231474,0
2.8782676313338973,4.699256228260342,1.5991313559077478,0.4878343185440125,0.6790666044956374,0
75.5137255673619,8.558751725800484,1.153724150552327,0.08227232427706188,0.9317404033165082,1
62.03095513534647,9.1002081105821,2.0012485361408356,0.45958405721362305,0.9969494174116696,0
70.40797680992236,4.180792413724463,2.589031088981497,0.3064634680428203,0.7201574609309402,0
21.296416150891073,3.1318350307703384,2.414172954533396,0.8223812111853543,0.2872212092051508,0
13.637147558676975,8.024729637194756,1.1004520229279475,0.05697872699736828,0.8797524022943436,1
1.4544665667881929,3.4732543199332246,1.145803670735807,0.41860727491832994,0.04922091454076161,0
35.058755880659696,8.403528866623105,1.8057465652652742,0.458431424131438,0.2310808528744962,0
58.991768685463306,4.813644282838865,1.5905809880958865,0.7250060762991187,0.8973857174637149,1
39.22440450997323,7.0079490936232345,1.4647686461120957,0.574287575090211,0.25619151443935495,0
43.747492202372904,1.8598178245120136,1.5620089978174272,0.667212337194181,0.22065105962174847,0
90.41586944937484,6.614733922089157,2.6069654865937695,0.7770492856517561,0.13812529314024724,0
34.82554670233004,5.065909108635062,2.8584561072637076,0.8622029736581888,0.8591117576469165,0
51.39894891598108,6.279476168579267,1.8102053890551328,0.3138754967224705,0.5000582591910867,0
78.3653012741143,2.5121278697037708,2.812222004264994,0.538022705363903,0.6748932030541548,0
39.65427823212701,7.631863704497639,1.642991402495764,0.8401080784391999,0.23906638407502967,0
62.20867002278735,8.765173697889058,1.9528739726875832,0.9894511309650564,0.7580404210112165,1
86.23637087467452,2.9506582008169806,1.4520579956319994,0.8895193110437631,0.7600055449620985,1
94.9520623657642,1.8614309996814555,2.280952084351688,0.3714672626243768,0.31259802490830013,0
14.707348092903793,1.2127472744170276,2.957962230349618,0.19516651721865041,0.41068263301028285,0
92.65876251614944,6.777743503989394,2.2069861920867573,0.4893925374065887,0.20969027743020086,0
49.21162930795382,6.463846324799027,1.7156281682270977,0.7416414518360422,0.9765610233229043,1
25.824438829895836,5.92027671442663,2.2956348919810567,0.4925690707532976,0.6456025770584116,0
45.913575623826134,3.087523865043779,1.2458413569307751,0.4831808633136685,0.9345438807155155,1
98.0032575285477,4.518153963149632,2.7773181605307973,0.8382304210818006,0.30338554362913317,0
49.26180939928696,6.350287016675558,2.0061679015596727,0.36140377906718635,0.7818909129968897,0
32.875161028750824,5.470901729732525,1.8986994840792841,0.8597946748116456,0.765858643884742,1
63.34008543167258,9.890069681933985,2.1717295769070386,0.40680480095172356,0.6916556518665415,0
24.014561877819308,2.227957773010598,2.249567725578805,0.3282331056783394,0.9656389752668004,0
7.586332810866391,7.256300986428344,1.143551612453026,0.453989911199699,0.39355533610631555,0
12.887972191064922,4.638868912938629,2.3652344424468046,0.7624469586748684,0.1307173235897573,0
12.804583895777244,4.853796534330533,1.4838633606310592,0.12600202786399428,0.6717088592440608,0
15.190269351229436,7.458379890923586,2.4279052650131794,0.19641921587201738,0.7293098004772062,0
13.882717264941014,7.231925361919327,2.6450695887683935,0.951444825663092,0.5750605734588147,0
64.08747448032146,9.921303943319694,2.6079170151050404,0.17549162738135737,0.20681789313339627,0
18.188008439914483,2.155548605087127,2.1050019348157782,0.5677273179310546,0.5044559416693554,0
34.56672833238632,1.936986844457497,2.0403397846215023,0.5793144666619379,0.3121897365691294,0
89.67884099060119,7.51904935415867,1.2857519226788234,0.4896244620502448,0.42746652816668906,0
47.39616402628724,6.205482253057681,2.550692300806271,0.6447452485768186,0.6452185758446639,0
66.75577385210272,3.4674459990382527,1.5428187608934287,0.22982672579761843,0.7452147426908345,0
17.231987120162984,1.7147743209008794,1.993390845635893,0.5526622677767482,0.23222469090134312,0
19.228901880867078,1.770924246367875,1.5685481858550334,0.37217325524689715,0.40532536064695335,0
4.086861626647886,9.047717871977065,1.2676567259993863,0.661667259629189,0.2691615709916292,0
16.893506307216455,2.726805922468686,2.259115393783473,0.14122354337314946,0.19863161386186912,0
27.85903390319586,3.9103440590396867,1.1086640696458077,0.5708774168394762,0.7833872199958384,1
17.70104842767468,3.039907620042892,2.4972904682524,0.1852703553833237,0.9092526944369924,0
8.87025337570556,4.194966752487436,1.6351735905222333,0.2786430631150364,0.3702321856845767,0
12.06358711006008,1.6248145847148403,1.0002693860089706,0.21870980032358323,0.7512789243737669,1
46.077876803272574,5.671538118174434,2.0222582784744594,0.1828377798688171,0.8969952893644111,0
20.63337184057925,1.6085130723299341,1.0937038170552063,0.825710951560667,0.8461242105302316,1
36.42698610480755,8.203208570401255,1.552339115641799,0.28570756766089034,0.1828133885392259,0
50.34172708548569,3.103408737193897,2.4139529749114326,0.9271237818644493,0.9562918815133613,0
69.03948286293652,5.860107231440596,1.1253792432437317,0.9699265253451909,0.37667644042946247,1
3.9312139841098936,8.920711788053124,2.6786769847120047,0.5712604699370973,0.33924066117383633,0
79.94103989090426,6.8578963214247475,1.0076398453171662,0.1430011226657264,0.062431327277780335,0
62.79003894909078,5.796620078962018,1.4936477384038045,0.37454824337958126,0.486173654104883,0
8.17590319488719,3.9190037780383804,2.481808112304143,0.797732263348214,0.10901361564092871,0
87.35786241067773,3.9970172175237813,1.6325402994586136,0.36739072869707046,0.248539820927426,0
92.08724005318132,7.025382596783711,1.203784776132027,0.08701721830278875,0.3169426217672814,0
6.107795985486375,9.947254250990508,1.7204678376008558,0.5567849109281879,0.808826323491684,0
27.687764814720374,6.9565527086444074,1.540786572769051,0.8451208514960348,0.8754886503958965,1
80.62012797930613,6.020050756330225,2.68542380432111,0.7959263871435024,0.3024663174614697,0
74.82596903836584,7.575854592153215,1.6266958351702863,0.17512314013035324,0.8586981212445739,0
18.45210193563773,5.186850510553463,2.5778649435520142,0.6727646144124667,0.8572309373697911,0
20.93493233367103,1.541281083407067,2.7837442896214695,0.2205042634356471,0.7646509503848735,0
37.0472102791382,6.0606713429011885,1.867634839153059,0.21820753455217223,0.14669511401518154,0
48.45229851910213,9.618627560548422,2.8198862877087842,0.8740717733051852,0.690322846900729,0
61.825477153029595,2.577726481218937,1.7546361079263857,0.24966895274023015,0.9450240645805688,0
36.891363956977244,7.210044017385991,2.9281568329802163,0.2632473465180112,0.6825404787671571,0
46.25347161331479,2.8084031979315083,1.1785790490511459,0.0006533907612995549,0.33161684910783396,0
74.74709381337566,5.822449160257731,2.3740385330064857,0.8706690341255177,0.5005793174308313,0
3.66832028905979,1.8700880468204766,1.9876280809138573,0.7925948132091347,0.6457250433510536,0
25.243694434402077,5.053338426323666,1.7752976109112941,0.627328935090678,0.5105704087285036,0
71.33495858845524,7.805469960057215,2.265423757497202,0.7502657639388423,0.11995294173096982,0
89.52068376871993,4.128143718150839,2.4077141832686624,0.1520485674244918,0.31206404465202064,0
51.167744211566614,6.984205520384962,1.0087265393006182,0.45832359458757543,0.8023960305536325,1
53.211348526531566,8.159049647107562,1.3339061774943974,0.3512193873487809,0.8614180460955174,1
10.717201133977605,9.344600375315075,2.4260921012686376,0.09377652625701649,0.13730003271557023,0
44.741236682345466,3.111778736699082,2.3327708271564127,0.4861304852149241,0.9523867523987246,0
53.261726645502314,4.593843242283773,2.9320950102573544,0.9207396503426354,0.32882261784860933,0
24.247050363472965,2.371744119973757,2.522075580501566,0.04005911905069448,0.66231373873072,0
26.924323094938096,9.932351519425376,2.9015454154626763,0.2914609134937939,0.7518251459566812,0
37.728416310462265,9.343008711318658,2.405081003069614,0.20754093620570346,0.8119462346378834,0
2.007119777772637,5.859614172525037,1.5961044172788863,0.23814665366569632,0.9457497022259301,0
32.20791655831783,8.578299649387791,1.210729844501713,0.9084345518793753,0.3129195480288226,1
21.144800699654464,5.6886217954483795,2.5636477266898714,0.4680690542342901,0.8585064545515545,0
32.74973521779147,6.612271192024838,2.288298442951832,0.4662994129398188,0.13168690343620704,0
11.976213181925122,1.8021198890441497,1.0963720247865925,0.7605756424552823,0.7050409063535927,1
89.0527280739895,7.797433784471272,1.7201009318019567,0.1544922040049258,0.7419777295139859,0
59.359245355404866,2.1494213527171135,2.913599630968572,0.4872653541000508,0.6777232412013204,0
67.91023191444896,8.434608672272756,2.0008022914204027,0.4299852141210597,0.252314736135153,0
78.91712386073382,8.038252789033473,1.8654582720394093,0.5969106905466561,0.8730431470152034,0
49.84421989290573,7.378702279686788,1.915399210318588,0.9995577032504386,0.168858463370395,0
8.69202880874237,1.325443424722859,1.4177654480103274,0.7694488940820471,0.05363479152083084,0
53.71065418185478,3.7281552035079573,1.7374143417295904,0.3978657030174272,0.7174649906119122,0
58.68411180208791,3.368013129197586,1.7396265119743533,0.827553052274047,0.4754757152327337,0
74.54394741843299,4.241227667243672,1.1047100403749448,0.17070836331248018,0.8490980199586761,1
43.16595462296794,1.7887847208745469,2.5351352570358365,0.030463686308960125,0.38339714105825895,0
12.758030279556376,9.432620407279565,1.833008863807758,0.20444837246427305,0.16827858850771282,0
28.377590579872447,5.9842201664113865,2.6443597736328464,0.34041155611425966,0.8364421924698697,0
36.30822963986351,3.749718795922212,2.700696002239791,0.5105807574595599,0.5489096316400717,0
64.59172413316013,4.5728336536685505,1.4239881093973161,0.6151291405411998,0.1891957923903549,0
57.077830466891186,5.024822864543521,2.314706964340257,0.9106057172144217,0.7203839985864458,0
35.60967258978462,6.405349000245556,1.9445636083259634,0.5098540095504577,0.5111136384895005,0
98.65152487929797,5.6411148492684795,2.7603134758429704,0.5012756446257294,0.6043129822403198,0
60.577481935688716,9.274527758929755,1.4314813583529082,0.05024300982298213,0.4608983382065819,0
23.72267917359945,5.472671346152472,2.355626400620088,0.03491155265622381,0.8287089838180064,0
10.178247262040374,9.929422133409814,2.2155042445054454,0.5511599619163721,0.8295627156830498,0
15.285913918433202,8.662824619705862,1.5906029551436656,0.4381786132483445,0.7093888218243862,0
24.595772838450813,2.8765946292160223,1.2732018073023452,0.8391803949802986,0.10540137739646227,0
16.06813732595557,9.375356931795245,2.303279520954553,0.16067958471184518,0.8388538619040689,0
18.656702405130577,2.0472975809692846,2.4771949162646614,0.024971662117049598,0.6710129805329098,0
28.50951686938471,8.357047376420724,1.6312546875267,0.44903876793012587,0.6970241660042995,0
17.33735952947548,4.4256096412892205,2.2896652080446276,0.23747855675225749,0.36298284040387163,0
89.67654246264252,8.901768884005627,1.7902618152230065,0.04961437333883745,0.8792795561570067,0
8.023374566164222,8.812510210967053,2.4264137665652354,0.724598286847629,0.7253716002348575,0
52.451138957025464,8.253328601058591,1.3984305497881062,0.11159299995724747,0.11259046652919447,0
41.03968269896615,8.110273926763552,2.7804300052723487,0.6083195000077717,0.40777803440616267,0
98.23786169086064,3.742112251882367,1.5748191929311595,0.28104975016688916,0.8863803619601417,0
11.203890216805235,1.7282735474612696,1.7355719755123058,0.17349605035502202,0.047196701697378995,0
39.785559904574164,4.626821608886453,1.1161839041606996,0.37975152291931746,0.9614166196420495,1
96.94704332753689,2.561720634878578,1.2230244246425528,0.8014457762229537,0.6791625683195628,1
86.55071258939803,7.254559800122156,2.0317238054246562,0.3920935769045727,0.6313759776433766,0
81.707207094928,4.11489753884007,1.535185353455943,0.7507696492110557,0.2705592564879914,0
25.790282704493983,9.780491807739233,2.6709604514843885,0.1254862967991507,0.24879178873917707,0
17.088758739006582,6.768748696107988,1.0293867773099077,0.7727714196650791,0.9420582194885955,1
66.8643219924431,8.40232507270925,1.7581880973438724,0.23693332490664865,0.29827245423412274,0
92.93759891275857,2.192722054676636,1.6746910935381853,0.6773931298888728,0.7755052967189994,1
55.67628930139298,8.758130340453603,1.038655261835202,0.5657815548409963,0.39312179820707915,1
57.161268946989985,9.30481471462055,1.2487367980010204,0.9291447172116873,0.13925407078470398,1
27.997909366028416,5.3835572693704234,1.8272853498372705,0.38732251797531403,0.01071529769535895,0
76.94929331919369,6.456276439758797,1.9857291688948933,0.06616518883444045,0.5442573370152508,0
18.704374855752338,7.883288208126959,1.8085794945097382,0.019155485551252904,0.9757788185489327,0
32.367923640424365,2.573547645343713,2.0618753568241877,0.8268585609727531,0.3691361938092045,0
42.54364386164168,5.523094688170982,2.190263349811363,0.5247356376614322,0.35719233399304484,0
50.7610378684455,4.587967249950818,1.0198476422556713,0.7752440518349493,0.3440916178494421,1
24.240973241508023,2.317365929460242,1.9281903189070078,0.2344256000115147,0.5205438373048584,0
11.483682473920354,4.307809800623783,2.9269984817751764,0.34508374551323373,0.44066488342429355,0
61.06200424416326,1.6135507844694421,2.038064560259097,0.03010387221131894,0.8799146267270145,0
28.863055324025577,1.232307162545383,2.355084534917906,0.9614923245741122,0.5055207917234903,0
58.123822142261226,2.2164966023934047,1.6237277158337664,0.6678679067008134,0.5077578381885688,0
15.436271527420232,9.668036004302564,2.547982756305525,0.9332050877593062,0.1383715947205566,0
48.114010185481746,5.945765823055153,2.5458429637522304,0.2654964074290723,0.982739540910386,0
53.258943255158584,9.69239945037898,2.0425920953082777,0.6114636112256608,0.24997289086882968,0
5.182353682242691,4.892480904971188,2.9520276465584274,0.6784999682926378,0.07336406745960267,0
33.660427819392055,3.806345197767336,1.2511004295253068,0.31754970025758844,0.6631462489752088,0
13.441467693897424,5.555276765562197,1.033895329779162,0.8481092350156301,0.5953663701568727,1
6.337497047276774,4.955605197696191,2.540316423514192,0.9471614629002478,0.4151456539927457,0
98.99602323899452,1.9509821583556952,2.6143110747297653,0.8848551176960043,0.42219223388067806,0
32.235384497472296,6.767436832211856,1.2404144582411525,0.7390669759393725,0.7850639210464312,1
80.98744458546349,2.9443436425863965,1.5311656659172121,0.27746467972495403,0.19571264009964906,0
25.464065476376383,6.576291594080466,1.0351047267332578,0.28161604210563174,0.8202533189448897,1
68.15027222239293,6.85180983158338,1.5866172215611294,0.9633603204460379,0.6487471138950182,1
76.02278598896865,2.368223678157833,2.546283747837343,0.010284495935692028,0.4189697737795244,0
59.56387406078443,1.5521466439960134,2.035921055425158,0.7160499732421445,0.4580286165838686,0
47.15761885501584,8.026854274615959,1.6961911863365762,0.7062461625552622,0.2566472071860958,0
41.18409141472685,5.138203813923882,1.7434785898126606,0.6226895409497974,0.7521143326969748,0
34.88682665429953,1.523474159549282,1.0027072514309363,0.9901088460868658,0.5128747423052678,1
92.95291442478259,9.953796854527905,1.5996010551304718,0.31187943576372523,0.3208545427498436,0
83.06194077877291,1.5200250489672997,2.292917483275861,0.3399718637932482,0.5960501157609502,0
96.50269106665125,7.255317059726979,2.9483888876327145,0.07893940294655555,0.995734452051323,0
12.429722348554472,9.853110327370722,2.694121653967799,0.44279813654373745,0.43526227965655384,0
73.08674752036443,3.1526209379433308,1.0471899292910583,0.2610485262348481,0.9206914007786196,1
93.83404568210378,2.2802443181847654,2.7971212093496787,0.3433867021776442,0.3450168399245661,0
18.123306616566015,2.09246445480186,2.566396826597252,0.8345717902556277,0.054732706924985886,0
6.6496267366777495,3.72947632810836,2.560752247141961,0.9354845135274957,0.20424210636842888,0
74.11206492900591,1.9094122990958202,1.915991518007143,0.18573307200518563,0.4186951433276842,0
57.44731131799119,7.229452075247187,1.7960105859090056,0.37250893155346587,0.219634928594569,0
84.1828776758272,1.5606261831705641,1.6058314576663852,0.9286305621153941,0.0002270382182555375,0
13.97723766262895,5.584799153348108,1.1313897179087316,0.06180846068922263,0.9150015377475272,1
79.52673118598902,9.970271684676792,1.4564707269873982,0.09236052811137851,0.843879411230929,0
20.162732004774455,8.325732425554168,1.4932072699560492,0.16279098920622936,0.7422922314869471,0
16.36559428657045,6.536974944079098,1.9681541394204032,0.5952128341268748,0.16781459564602863,0
16.426579793099293,3.756282587079505,2.4948888131933877,0.15047227100599747,0.12036357620998606,0
81.45747202313821,6.6150625266247465,1.9476196567958932,0.9680763814507335,0.06760474947238315,0
66.51972206962002,5.743373175204865,1.1156888988943212,0.44671452725852034,0.7240291887729212,1
52.30654247691193,4.834750455013343,2.9155796019764075,0.5015179603501664,0.9288079606878853,0
35.88304841235025,2.1763933906617954,2.8854486381882243,0.2466586158054065,0.430535820913037,0
87.72005408131082,8.9794379371642,2.5703790862968168,0.4709602524347335,0.11914067199604816,0
39.244510742263536,5.048061839391902,2.9826558031284414,0.6619136326370115,0.5123928207321066,0
81.65994394715771,2.7516026063868857,2.0889646656005256,0.7511771369540428,0.34883190745863013,0
43.91349085702184,4.309834157895606,2.925536700506412,0.753868082709913,0.3748249243499977,0
37.69444294249076,4.727167772760343,1.1512100812335015,0.5778911126940883,0.6213306241557073,1
46.26797856696064,8.447841060101869,1.7313614965227426,0.9043597749938572,0.7187181132622024,1
30.13778741641421,7.6025294250526185,1.4507625360135317,0.8174078473061094,0.11060359887316085,0
74.76093801762511,7.923744042772058,1.39166616826854,0.7570481146986254,0.035590230806476386,0
50.27203900924791,1.099281379857825,1.2816058977853522,0.05560552168046062,0.9943303026857149,0
23.22126951468173,4.745385983617854,2.2448272831319933,0.006877962219649314,0.23272834891555183,0
89.95745732745685,5.332097364717913,2.5626437114946103,0.21244727719547296,0.053830524908459076,0
38.38912213732114,1.1727304914075103,2.156596798840721,0.6635235939134523,0.18987532909591998,0
54.35528611139886,3.3383188787053077,1.2939254191764193,0.4111974888825458,0.03895784634846422,0
90.6472110964547,7.842608408099215,2.622247539866942,0.40240625929931173,0.39181089461717167,0
62.42379959139921,2.2339873515609914,2.2719094143274567,0.8845868882296137,0.8024017844513243,0
11.689804070836407,5.817791183073325,1.776331412253991,0.8955628481318387,0.3412444497577206,0
93.98321236134751,2.9368168481551375,2.348260591072126,0.9091752640535857,0.44418340687836655,0
62.770805307141785,1.1090869717950396,1.5198099584856657,0.3138780765150273,0.6755867735674388,0
33.49056146570861,3.1708131183958734,1.690384416988421,0.6910558127392618,0.5088940700698802,0
13.927207266338726,9.782863794190485,2.83497168626398,0.27163318127436964,0.8614456860213242,0
79.4025189270296,8.213834006946907,1.5810090113428408,0.19060983307444979,0.8660356750457565,0
62.00727559285135,9.636189798889301,1.9399765363158732,0.18463245734736922,0.009910695491153643,0
53.34610919763215,5.390686395337262,2.7802822747920293,0.34210762086359403,0.7780463064831992,0
89.38925830509577,1.9876257880975317,2.415442700535055,0.4299576197798217,0.46073360024167387,0
78.85972112245308,5.931635400763237,1.1244064523294055,0.8309491710550684,0.9888405413036631,1
15.167487973275119,5.089396011039648,1.2946060885579407,0.1198910934727121,0.48323207587543515,0
31.172206779554823,8.599213744656543,1.0156831815438336,0.7349258473948942,0.9868959453882975,1
24.848913981446575,1.8827432270582012,2.2618435804583266,0.5314549141893053,0.7545693612057366,0
74.3946292572677,5.394170233196004,1.8953468508208366,0.2879453426759925,0.24860488461330632,0
3.353243473577938,2.3504379822458583,1.268549701804551,0.4928195845328246,0.5383949792869577,0
56.98896848713165,3.9220833420105397,2.915868242113541,0.29994206977702265,0.9921356394785827,0
76.24586857406905,7.636213696490197,2.05931944789124,0.596081955238306,0.8575306077519237,0
87.67656367617495,5.284163164318898,1.4837865882257784,0.4338439228552442,0.0973668937912211,0
34.20817487159075,4.382994566311924,2.001207142309415,0.16440552907887873,0.7063719968099961,0
82.12573046720128,4.550286507130318,2.3592406654702156,0.11658307455569672,0.34557958587081306,0
11.063173695520723,5.13502091565388,1.152478435947129,0.5466956820721302,0.006982261880348117,0
84.64522917345182,8.065148894533511,1.549407630095784,0.9024130332861034,0.4034809690269996,0
12.748866233198243,9.02876220046211,2.613930981767987,0.34395768655768555,0.2347544217249713,0
39.72872905603673,9.598012178535354,1.9193297408053225,0.7330001072226232,0.8188692705204715,0
79.72953657795536,8.082130476297657,2.09315428406459,0.658661354939767,0.3373306088457655,0
14.991742734877377,3.8386620617321148,1.8656320044189385,0.931554914309481,0.8275236939538171,1
22.92513952326415,7.193212354778879,1.0877998852860102,0.8209810172991409,0.0005979388347953085,0
72.22525683930662,4.938428116498527,1.3314995596403119,0.566605258905463,0.30781915002611915,0
72.00365365460743,3.2920355984144605,1.8910832774837818,0.6570304982341073,0.24116521430776194,0
64.11476328852973,8.567844214833304,1.4183709308158556,0.8983864665840349,0.23356736106861098,0
69.39484444671,1.345837140660925,1.0999580573193575,0.3995187845869348,0.0681866197654627,0
54.27244433475962,9.115857929218812,2.6872993281036477,0.32679470585777737,0.18712427041050173,0
25.179905890695274,5.153297181622607,2.9623850583282314,0.010811083635196339,0.5555495698856199,0
34.56959935039195,6.7348132912745236,2.586285747993479,0.8265510741914642,0.2913610728377445,0
18.159771680142565,6.934185299852045,2.707569843409334,0.8009807004033649,0.41739478232914795,0
90.84505613336283,9.056059666358827,1.4839542606340907,0.10445451810015138,0.3768668803471885,0
58.339179476612046,6.730027139504866,2.9212539510263995,0.5768573811327002,0.8759049249998946,0
40.08514167636399,6.525402262840556,1.3938514089068568,0.4639816981668874,0.9052989990105155,1
46.20058036441327,1.5998683650462096,2.9028596207236648,0.11870909550911146,0.49295697165586005,0
94.72833396118153,5.6656721975068365,2.989638587931902,0.9805682270607236,0.3301559503156044,0
15.33514031160802,2.3515210073533748,2.4234456114920975,0.21469588746335544,0.10680070400236363,0
58.62298320167972,7.6369039184933705,2.962287463583644,0.06723418009056115,0.953402879382095,0
50.5888678884466,5.60999728731407,2.139079559134207,0.5948473795019096,0.06022694490029745,0
61.14542354346478,7.12205001287518,1.5190835663521807,0.7388666771330327,0.29765027756828044,0
1.8110183820840509,1.3750561054214585,1.8739917713312417,0.03244344604718696,0.29806620117000415,0
87.21239089441515,1.7631281444122289,2.187121870757572,0.6587176387270222,0.3204012861402149,0
93.21182824836124,7.4469104925641405,1.14616312405403,0.5322918759514544,0.16428684327240928,0
56.51331835892089,1.6487590239880603,2.2446865292344924,0.10326500887504841,0.7831614309236972,0
69.66508238768922,1.6413105498873275,2.962355673524589,0.17252387694636206,0.12249786196598922,0
92.24993811772957,1.108976277113987,1.3802152995674553,0.5679742973160805,0.6349066591531628,1
70.72386343133986,9.60851258469532,2.5851902325767666,0.2963576135132884,0.12384602670581746,0
15.253904291426135,7.637575235131062,2.8157975875592385,0.9383157286513161,0.07053563759295656,0
57.62883601668132,4.179262676518578,2.8874031856404416,0.8187402294840508,0.9094295036858765,0
60.67150463828559,3.668820231588897,2.9202712088108944,0.983567206513663,0.19012876631870568,0
42.4130671302386,4.147329067712646,2.0429192774429437,0.259670838950414,0.8212501545597043,0
73.64442356247228,7.971881780630636,2.9546158159830074,0.969723632797977,0.5446308711071358,0
93.43670147690149,6.95233549963373,2.5146204142688777,0.43123386979155787,0.0778565196087696,0
92.55685129067763,2.6667601108072114,1.3233428724739238,0.3475187953137546,0.9554481914380675,1
45.08393714041321,2.5669840180067593,1.95380021293594,0.05034952696935324,0.24696116699189252,0
11.323804584075525,1.8855608474205758,2.436662350744008,0.05276525785960262,0.8596453453526065,0
98.48411989623345,6.942724477312043,1.4946806316381667,0.6920112559466547,0.16881000578456418,0
83.88980864459342,7.8793539599956235,2.2812303670977747,0.4579289944340279,0.8539428821418529,0
12.466268120326685,3.385417854925036,2.3332009580932382,0.2265216260361057,0.013228812905293985,0
92.08418826173724,1.1885046492782152,1.3253994876171318,0.6139703063252326,0.5117804565694807,1
86.98963620621282,1.739545007287846,2.130170624905513,0.2528581182501112,0.7694425794215568,0
51.88380571260721,9.710740313605275,2.543253821957215,0.5776317543444226,0.9347955174927833,0
59.127543574492925,3.659002997296782,1.9977913290718838,0.35920874698269034,0.909202136206487,0
39.90027038701302,7.923008330543203,1.0242062335522149,0.823552226611819,0.8196248695476449,1
5.476163882203133,6.621972119688374,1.0180769381585844,0.8206961607667793,0.8881913496613041,1
33.519724164590095,4.437456756876063,1.7140586879400244,0.4773503981224013,0.1992196858370765,0
80.28534485980114,2.851185359759996,2.852388136863564,0.3508191093350156,0.28418429571172876,0
0.4632023004602859,2.092477763434658,1.4573535592072175,0.36255979655909454,0.2889685249210585,0
33.34991716911442,6.5351167123498,2.2687273777433745,0.8057145256682179,0.3770539310016988,0
39.81686935909433,7.971704025740092,1.4441517413866412,0.328179482797612,0.3933206703851887,0
53.73956029379229,6.795138281870176,1.6433399793190973,0.20905937370684602,0.5445553246546755,0
91.98556164127605,5.772719199242425,2.696084179202968,0.08468834187530683,0.15987976336644139,0
34.634599436596126,1.3775610108847265,2.4577228845398937,0.4666931208844084,0.6912466637859893,0
34.69532018962277,9.716398998349455,1.1907985546264213,0.4821320989198419,0.1675665393045065,0
73.75012481097484,8.18842772489117,1.8574040419728672,0.8409087104029072,0.31030848210454753,0
45.221794088980715,3.6353983303086825,1.058339527290529,0.22123869644606398,0.503345130606154,0
22.460482293998197,9.819732964229656,1.961780293206018,0.3809912736683999,0.7964405615234773,0
45.24395161326934,6.416934306726899,2.324868023402136,0.8084057388936909,0.7394692332387273,0
14.085702037979985,6.241803923865218,1.2370052471963031,0.8236236107489735,0.6455343564105223,1
17.63869865062233,7.732658614865789,1.5777698778183313,0.3846110759787682,0.15577326058017016,0
49.83677727394797,8.305928092811238,1.7956732510043139,0.4591240232866809,0.5470453456155777,0
41.89254495045479,6.9083074659835235,2.8390620493120995,0.3032858908492829,0.08744650179988545,0
91.48459010681,2.1528617172958002,2.986510030845928,0.9325548784193121,0.37736317679665077,0
36.23938991166331,4.044407553950485,1.0898225979912317,0.11864376574158031,0.41351653028995916,0
58.05883502780434,9.352752762934447,2.522015846990784,0.93374942300147,0.03981143944575383,0
63.22642879195304,3.0215405065946674,1.7434481328046865,0.6838664518353432,0.2739880994699718,0
1.3094456588333636,4.34950321453762,1.78491637245896,0.5315721526867312,0.9556494672664894,0
66.35373720167107,4.888691946497763,2.508529946694045,0.032659060784495875,0.9536326078296895,0
17.803596686975144,4.95464490725007,2.836852864290817,0.4755961918220083,0.3523270542525393,0
96.10703174694551,6.5164562424507295,2.9018571890050966,0.4077481050027323,0.043100108948324056,0
14.866272775311295,9.487682539702368,2.1542451720766413,0.16121881197512256,0.17909493932818155,0
41.462412372702374,3.1662344064925447,1.7142423186010056,0.6564096035006569,0.39221779343354013,0
8.534966807864386,2.0935123867082623,2.5750981717175585,0.9711509073682858,0.9477796979692298,0
99.68742518459473,2.777234408739436,1.5020027665246005,0.5621888110645251,0.14119906353718492,0
50.21950103312426,8.982324101883425,2.1281480576670355,0.7147532764439458,0.7635158436682122,0
59.53850173200438,6.812297313896854,1.7171569230497463,0.06845045256601678,0.10868253937469208,0
6.7076477388427485,3.573161103152441,2.3132621474157524,0.41766699581699473,0.9812575773912768,0
74.99604703991778,8.343522450717554,1.4807978257870138,0.11635848516449587,0.381616499109135,0
20.990559309558577,8.752329967270924,1.3831858914696515,0.6127958355365104,0.775234538899056,1
89.80542894407138,8.618629048212503,2.836478173350874,0.9384821582141546,0.3425910828111318,0
20.513964048200716,9.27033880275599,1.2036073658990738,0.6617777324716385,0.6276688771588087,1
19.068772066366655,3.270169181560254,2.0119158154698633,0.07680304831442153,0.19201608474003673,0
3.654966784809488,7.795377358716505,1.4417055659260178,0.35466620498508283,0.14602101929696254,0
47.206694510999924,5.14485547546726,1.077859926651335,0.5506633794408515,0.9380641395681313,1
56.48411332626164,8.577986976010553,1.0720376365828528,0.4032077561332522,0.9176472779044335,1
6.570863942835237,7.5564160944545185,1.3504435442116547,0.8336440104751723,0.8874689402128824,1
77.55276166950105,7.9880270184975215,2.7335407090120007,0.8146710047099892,0.6254334501665935,0
45.32888347480276,6.905456539129643,1.5649574879540533,0.6118310201032214,0.8082682112162782,1
52.439026932758004,2.596858925227362,2.900918341150591,0.37345794513270525,0.06903693691137491,0
44.07627469382282,5.905242270072445,2.1632445859783873,0.25533637376324414,0.33478904189067915,0
40.0763060875326,9.862027655720574,1.8732283795375322,0.10587431821312931,0.3137031247571562,0
55.96403313082179,9.43649259847407,2.160177669338909,0.35489768348655404,0.6356453219526133,0
15.52402459307125,1.388563622173105,2.0333967704525353,0.4131725172077195,0.3559577734706405,0
18.19281304952711,2.483333341564934,2.51755250751465,0.6758229251040736,0.1485067816436808,0
86.17856210135173,2.1855589610910573,1.5649921319457045,0.6581598242975735,0.5964670754135437,0
94.61154621336327,7.53381918986766,1.7061007832006048,0.07010813964125695,0.8143839206690815,0
37.330931627975296,8.360067968712507,2.7881886050665017,0.3952593154311578,0.3821234944599732,0
27.074467314355378,2.9216022967960473,2.892913026300811,0.18177886721736192,0.1322687150984817,0
64.39995432390158,5.552674236566461,2.785116454972949,0.1568127053168057,0.19668819731282305,0
40.87341710980964,8.5663272521008,1.8388959879146272,0.8273021497372459,0.23748330516938398,0
2.538635566034486,7.595213902896255,2.5607310060137634,0.04191521671625753,0.2998975929945362,0
15.615259736619036,5.880134849426635,1.9526714666021976,0.41918287590212133,0.6427950705063091,0
71.59722288473975,6.313129214128956,1.9950797042922044,0.1682036557665182,0.600945484537719,0
65.89239419101514,5.57524492224652,1.409360218114568,0.879330215678474,0.6960798615670392,1
2.709599250348349,3.677936061869385,2.182260606517033,0.5570405132750351,0.36250198453151317,0
22.197216193294945,6.085197935731145,1.3722717955066959,0.23138063637684803,0.8239976518799783,0
23.10747965880714,7.199967718450816,1.6631293981343875,0.5024272871663764,0.20408766115576027,0
67.18927435987284,8.859906242747268,2.7100604032398703,0.7314863597031158,0.46904074751815394,0
1.9710537754364155,6.726622185813232,1.4141516184217104,0.9581180089194338,0.8009387215414303,1
10.410858198457385,7.850093833388422,1.1423165703468656,0.22044600424541894,0.18015864773261925,0
79.99160853731894,2.4406447145911567,1.1380151852256326,0.8861817721293451,0.10986311374078295,1
17.85446620543336,5.154017269778109,2.881569041006216,0.9343041141674903,0.8836839676879897,0
65.27461078518748,1.0839845784438396,2.0138408759236692,0.9164205445320662,0.3429296627591959,0
23.81827810467265,3.220109780694607,1.8188241436340367,0.6354143568619098,0.683870124909032,0
9.944139275934516,7.5381554360170435,2.621757162015837,0.6298206544347077,0.02534860426393848,0
24.317219099945408,9.926289562144271,2.671651855821032,0.4032106331838228,0.6900468884094496,0
72.22669318556592,1.8926028962849433,1.6643820662312092,0.7523978823037879,0.3161013115469705,0
85.56964681062857,4.613448842751595,2.3872361149475907,0.5312940183509319,0.05574085358744174,0
83.02198645669915,8.200638718292435,2.542245631703773,0.6774380712282945,0.609812761548117,0
39.71835296184548,2.8363207116600897,2.309301373731909,0.42845790384879545,0.24080381607317325,0
66.80851365706462,5.995764543720576,1.3031901496001987,0.7314964640431391,0.38680724205188,1
20.498429541582098,7.597641664267073,2.751766167034114,0.8244715176045491,0.08058081228651359,0
29.314773026101328,6.543869052341611,2.0781891054720174,0.14643625660281612,0.14716325109494532,0
89.63358185211197,2.692222611538745,1.5649448527400074,0.832929715574228,0.29797723549584376,0
1.3001923510736035,4.198461118171655,1.8504563708753878,0.5402965317903072,0.08975950056015713,0
8.550853085446807,8.054126060368574,1.0751421807978148,0.8446659090902243,0.9108262646863152,1
20.78862551460273,5.98803862718815,1.2557336024448351,0.4313017063410146,0.006047043183978418,0
2.6532203873819715,1.0470665218862147,2.5310935010317217,0.37904048538303503,0.4838602188643114,0
18.143543508979732,7.848916840252844,1.0000232695107323,0.9150607325172224,0.12324745813255145,1
58.304156096969216,1.3178021944621516,1.8331316569645844,0.2511692675484013,0.30767908947794853,0
42.1424550592498,7.711604044581089,2.0450203621711767,0.8442123252861431,0.9260595598182655,1
89.26717110769748,2.8223250414871366,1.1092688400019446,0.4840205725094041,0.16169455327398685,0
81.7443561738441,9.622661321074421,2.9461563259446657,0.5140954425512597,0.9658323197183326,0
34.1817351697876,4.31146676171876,1.4522506624993439,0.308468281489484,0.2057943769894217,0
25.94234334312925,3.942384547042712,1.6083974392725617,0.5730422006190157,0.7415661084668296,0
37.96924081672669,2.339992452992002,1.6078850245100547,0.3252111962762113,0.5466772648973117,0
59.02949425148078,3.750437939411934,1.4608333242346998,0.03926941424165231,0.8844787275967592,0
26.806364082287626,8.889856856453804,1.0029476441726228,0.27199860534435605,0.5539932555031309,0
62.4148907849134,9.967009038645227,2.458689588175993,0.006379043406590679,0.5345592191563087,0
40.941165219124045,4.314785774561635,2.9336909995985705,0.9783547870568566,0.1954580003683999,0
55.204718085198024,5.037495678590883,1.4485869665700901,0.9657472098197475,0.16622936205165872,0
43.61265291353167,7.498638443824634,2.326094383606845,0.39515529747230504,0.9164891511155142,0
29.44657595419177,8.97576202418567,2.48379265391743,0.728370854339646,0.32783819885003407,0
94.84533069621567,6.337399007681057,2.6968507581810495,0.345806098410425,0.37208225496289593,0
76.36057941597608,4.523731283600464,1.8452583940272183,0.671093157085976,0.7598236584283884,0
14.011317576645254,4.713596567637614,1.6058618112808585,0.8054300430459791,0.33882348242280735,0
86.84679758979128,7.260563318471262,1.6505902680460622,0.9467562446922407,0.9520624466390027,1
48.743119824951364,1.0289643724385082,2.4252426661970254,0.400212275849672,0.7379277689988003,0
89.45522268940914,6.576304037138566,2.633558933011272,0.7832979829560477,0.59742924257342,0
79.98552559473153,4.199437093972216,1.3632279355132053,0.2659284506321188,0.8808951605447525,0
42.52135044692334,8.147775981493758,1.7418820163155304,0.9903323037936483,0.04960590834948275,0
2.24693083201174,1.8369157584081894,2.8038803934983,0.025769598764351143,0.25706269218920874,0
26.867735938494608,6.2938204025355144,2.6133870393894787,0.603528806501121,0.46503633422090995,0
54.16342146608669,5.328756008975113,2.9697168055249517,0.6595059816513271,0.22697853947152102,0
63.347821982614725,6.780929733147047,2.5084965193641615,0.6880455570741288,0.7439051873021519,0
25.788768543320227,1.5836823503467152,1.7863904020558445,0.12038757878908901,0.9192080310537252,0
13.935607407282413,6.219854086853181,2.1812756679892757,0.9385297834731304,0.4237701199309234,0
83.4930236799299,6.053361291635714,2.3220285084946406,0.1811832790500828,0.34213260011189495,0
98.44021807035521,6.045940849745539,1.156911632634248,0.6227534032398411,0.9615507321375663,1
52.56901823026858,6.431388999368093,2.08899391820773,0.22267607912308496,0.44485243282754083,0
17.16792858483035,7.08821143503726,2.418641656945219,0.3072164170212709,0.4890484004492832,0
27.230732651936897,8.244900997126928,1.3346426080021208,0.5464585417281244,0.35164987234190537,0
1.8390676547466733,3.428386481153929,2.5612634348511145,0.4171934185645765,0.9095484730121384,0
91.4298806560499,8.425444691620559,2.1675455610282235,0.1602256009765063,0.5689554832818507,0
11.775108289014113,5.484301140371082,2.9044435713951895,0.1709364024208483,0.7621745871816447,0
57.651647551425356,1.6935245122089806,1.0848445964137834,0.41814478816279965,0.8118067183508864,1
27.4055220687206,1.5269583631958128,1.530652275110934,0.7572829782755007,0.3418490419172582,0
55.417800251579344,4.008144868264547,2.203107758599648,0.8979646468477885,0.43369433132038004,0
65.14203883518643,8.064072794003208,1.5931198244118614,0.08412766225938284,0.8484717744062646,0
82.97418037072016,7.369128412668242,2.428848328142484,0.39310390755940106,0.36325535167581025,0
20.64212717606032,8.09753468205166,2.518010565043862,0.10024556372287663,0.7939351334518513,0
1.0995828658480478,5.655421507974484,1.205031928132949,0.016592480632597884,0.9409923225744371,0
13.688563006880727,4.961790981599415,2.0277089284135354,0.6617186826439566,0.623210373068007,0
90.00186418481051,2.3270727403565554,2.017781111182112,0.6024494419665878,0.7416272874518889,0
87.38900775625153,3.953734782483804,1.7385615404310821,0.1630191138148862,0.8050973120411349,0
59.74131021703083,4.9061742955648775,2.865849725139344,0.2338128330930641,0.8450396488966425,0
60.051686043365336,1.797403867116555,2.6550126397464426,0.02370775364451838,0.39505333785679597,0
66.50366745462554,2.985507574400901,2.3944187638192735,0.8349472056944037,0.05126345917599817,0
17.53712786234496,6.384027646573649,2.428653271469995,0.9746905960485515,0.4018762712367395,0
91.44119459249598,7.620968028152708,1.9234322876262382,0.1354595367946908,0.6737562297840898,0
41.87705248920731,9.985127602536547,2.841989042193152,0.23147521376529812,0.4503503857807928,0
38.31385282494975,9.39801998209202,2.3891908545065705,0.868409523946934,0.7489631508603986,0
51.89177052828376,6.783086795816724,2.457962123311633,0.9264637979561848,0.3569824294686639,0
4.696596677505505,4.791232479646649,2.7233818075746905,0.41962738280681033,0.6347441411040295,0
16.628336875607943,6.725596282374094,1.548143178684382,0.050622472269074126,0.18641980485397458,0
73.80336164263704,8.070864562722088,2.614141807733406,0.0393918336928194,0.7493694366449569,0
8.279866792512646,2.065025718310486,1.390481205912984,0.5739498660690104,0.5456959688130258,0
60.31521094663882,4.689144007266594,1.6906839044897757,0.392895108893179,0.20406438854660058,0
24.534910968132095,8.558220570720554,1.6712209085396854,0.028652427577654516,0.29191117349780726,0
38.929561404197656,4.4544965673973955,2.9570509367782813,0.5832523923125568,0.7486087085818324,0
28.869373677069987,6.146850441044679,2.7130744474958535,0.011302536589022472,0.4826012356615207,0
35.567271646494916,6.289924247759784,2.4023397231805195,0.787371958149273,0.2160314403930722,0
71.90459051842456,2.6602862782027543,2.45411352323078,0.3064328227033716,0.9672711903702976,0
29.7121715623175,4.260118974870595,2.124145588805142,0.0402580030092321,0.7151250198168879,0
56.64046402968972,4.01060159867739,2.894181334217038,0.5883522209831533,0.9571348325397961,0
47.60504021990997,1.235770376788583,1.992517505764723,0.3976844144330547,0.4271050453603432,0
66.36711653626482,1.217725875022197,1.761035419739789,0.9738004133571495,0.47510034069172047,0
93.6829739324758,8.485273393081961,1.326070673863182,0.5441986625037022,0.8979552161850192,1
73.25720972102503,3.457637289755312,2.5724113045221157,0.2752391810370083,0.5250493402453846,0
21.494037859075675,5.662708896149339,2.468887864151183,0.7094388646339748,0.7072789119056672,0
3.1183135061284672,3.6885301622989575,1.7687100770482698,0.27149200254271133,0.25217287749552997,0
26.22640442998251,9.466113206038065,1.0503868279184587,0.9042432914075651,0.44672646870264054,1
59.507793070025485,3.3336708297919637,2.6779946554360214,0.37472197050737643,0.12344986581035511,0
5.1425813484250344,4.866911314650416,1.0228359669081473,0.5498685627762052,0.20598003587696168,0
49.636624720123635,8.854572254361416,2.407399559258102,0.05057310382422886,0.000943415267631087,0
59.68428489168892,8.577402101126278,2.940514219452114,0.4261212379522308,0.03926505164866023,0
33.424389081696084,2.674912760616496,1.875322656296407,0.832363539660995,0.9772838231769293,1
77.09122037458219,8.223789788161394,1.4699468099919055,0.8056488053633419,0.2423536951367623,0
10.65982531337718,5.123681980641034,2.4097420200867634,0.22431855885352625,0.663310709504002,0
7.513778173580876,5.346719848768197,2.6342562840311703,0.22607907101056268,0.8390996987996115,0
72.81887562036033,2.201319751743494,2.092860632155695,0.8173053122132368,0.5506604592365643,0
49.549131620619846,1.7254136238141218,2.9340705505122924,0.9303984201693255,0.1531445000839562,0
68.84023964277361,7.551453762763886,1.1033374433159222,0.09536092127300355,0.7281164373361664,0
43.48273386037462,5.468150371197698,2.0095911966090565,0.45005863942622526,0.600251410099583,0
24.640203323910683,4.931656323536616,2.4369078946451,0.33745427896422897,0.7312505893473751,0
81.91023176741997,7.5655740578715704,2.725280942298358,0.8706884554574393,0.7697466228570872,0
79.94158789689793,7.889616090919988,1.35851122381558,0.08352491468001877,0.9754103676847451,0
69.46964708544267,2.430173509024182,2.600006963527363,0.2111259425580374,0.57356328002671,0
27.21451372299627,6.492026345298772,2.1054141514370905,0.7524683375864943,0.3416411126906018,0
59.023066686908706,2.2181867404991698,1.7931073639799264,0.051293848981215584,0.6484645569002371,0
36.09738969400268,7.762375774261411,1.2634300571581871,0.49253538071428926,0.06844070924262613,0
9.158207332663416,6.912596406404256,2.7305915178178246,0.44210703467972,0.8973973183215863,0
91.73135754622427,9.609531589751121,1.3145464163594307,0.33440117898874866,0.11938101133819679,0
13.68186309189614,1.6206221472077906,1.6195757184181985,0.3945723153189238,0.32784283788581825,0
95.02373538208025,1.5134924903612887,1.5800910639248738,0.5299405869302329,0.8157453806261209,1
44.600577295795574,3.539683672238801,2.7428280683817086,0.16136735838838312,0.5973123783307118,0
